t_index,ts_code,close,open,high,low,state,trend_regime,vol_regime,y,y_hat
49,000001.SZ,12.23,12.68,12.74,11.910000000000002,S5,UNK,V3,1,0.4879503
50,000001.SZ,12.52,12.4,12.68,12.26,S5,UNK,V4,1,0.48795027
51,000001.SZ,12.15,12.0,12.35,11.93,S5,UNK,V4,1,0.48795027
52,000001.SZ,12.61,12.4,12.68,12.27,S5,UNK,V3,1,0.4879503
53,000001.SZ,12.87,12.88,13.07,12.7,S5,UNK,V3,1,0.48795027
54,000001.SZ,13.06,12.78,13.34,12.720000000000002,S5,UNK,V4,0,0.4879503
55,000001.SZ,13.15,13.25,13.38,13.08,S5,UNK,V4,0,0.48795027
56,000001.SZ,12.94,12.85,13.04,12.76,S5,UNK,V4,0,0.48795027
57,000001.SZ,12.8,13.05,13.089999999999998,12.78,S5,UNK,V3,0,0.48795027
58,000001.SZ,12.89,12.86,13.13,12.82,S5,UNK,V4,0,0.48795027
59,000001.SZ,12.97,12.75,12.97,12.66,S5,UNK,V4,0,0.48795027
60,000001.SZ,12.61,12.82,12.89,12.55,S5,UNK,V4,0,0.48795027
61,000001.SZ,12.88,12.89,12.94,12.81,S5,UNK,V3,0,0.49656233
62,000001.SZ,12.78,12.88,12.92,12.720000000000002,S5,UNK,V4,1,0.50491226
63,000001.SZ,12.74,12.88,12.89,12.720000000000002,S5,UNK,V4,0,0.51113665
64,000001.SZ,12.79,12.76,12.98,12.65,S5,UNK,V1,1,0.5098172
65,000001.SZ,12.59,12.67,12.71,12.47,S5,UNK,V3,1,0.50745803
66,000001.SZ,12.86,12.65,12.86,12.57,S5,UNK,V3,1,0.50456154
67,000001.SZ,12.87,12.86,12.93,12.78,S5,UNK,V3,1,0.5014088
68,000001.SZ,12.68,12.79,12.79,12.54,S5,UNK,V1,1,0.49798268
69,000001.SZ,12.89,12.77,13.04,12.65,S5,UNK,V3,1,0.494476
70,000001.SZ,12.99,12.86,13.05,12.77,S5,UNK,V3,1,0.4907325
71,000001.SZ,13.45,13.3,13.7,13.3,S5,UNK,V4,1,0.49073255
72,000001.SZ,13.23,13.37,13.42,13.16,S5,UNK,V3,1,0.49073255
73,000001.SZ,13.23,13.23,13.310000000000002,13.11,S5,UNK,V4,1,0.49073255
74,000001.SZ,13.24,13.17,13.279999999999998,13.11,S5,UNK,V1,1,0.49073255
75,000001.SZ,13.500000000000002,13.3,13.64,13.25,S5,UNK,V3,1,0.49073252
76,000001.SZ,13.52,13.45,13.56,13.27,S5,UNK,V3,1,0.48567313
77,000001.SZ,14.02,13.48,14.1,13.45,S5,UNK,V1,0,0.48539466
78,000001.SZ,13.93,14.02,14.32,13.88,S5,UNK,V3,0,0.49580824
79,000001.SZ,13.77,13.76,13.89,13.61,S5,UNK,V4,0,0.50610685
80,000001.SZ,13.689999999999998,13.76,13.76,13.6,S5,UNK,V3,0,0.5158392
81,000001.SZ,13.95,13.76,14.02,13.68,S5,UNK,V4,0,0.5246217
82,000001.SZ,14.0,13.92,14.13,13.9,S5,UNK,V3,0,0.53248584
83,000001.SZ,13.79,13.95,14.05,13.720000000000002,S5,UNK,V1,0,0.5397959
84,000001.SZ,13.63,13.75,13.78,13.53,S5,UNK,V3,0,0.54669297
85,000001.SZ,13.3,13.55,13.59,13.22,S5,UNK,V2,1,0.55449593
86,000001.SZ,13.23,13.39,13.43,13.14,S5,UNK,V3,0,0.5624034
87,000001.SZ,13.2,13.2,13.34,13.12,S5,UNK,V4,0,0.56991446
88,000001.SZ,13.36,13.41,13.45,13.27,S5,T2,V1,0,0.5731908
89,000001.SZ,13.510000000000002,13.38,13.62,13.27,S4,T2,V3,0,0.57585907
90,000001.SZ,13.4,13.52,13.57,13.36,S4,T2,V4,0,0.57819074
91,000001.SZ,12.92,13.33,13.34,12.92,S5,UNK,V4,1,0.57894677
92,000001.SZ,12.96,12.97,12.98,12.76,S5,UNK,V3,1,0.57933056
93,000001.SZ,13.04,13.02,13.07,12.94,S5,UNK,V1,1,0.57958156
94,000001.SZ,13.0,13.05,13.19,12.96,S5,UNK,V3,1,0.5797626
95,000001.SZ,13.29499391770954,13.09155101154719,13.406887516098834,13.030518139698486,S5,T2,V1,1,0.57984644
96,000001.SZ,13.22378890055272,13.233961045860836,13.264477481785187,13.14241173808778,S4,T2,V3,1,0.5799627
97,000001.SZ,13.54929755041248,13.325510353633891,13.620502567569302,13.30516606301766,S4,T2,V4,1,0.57947946
98,000001.SZ,13.78325689249918,13.518781114488124,13.86463405496412,13.508608969180008,S5,UNK,V3,1,0.57795644
99,000001.SZ,13.773084747191062,13.874806200272236,14.118937687667058,13.732396165958592,S5,UNK,V4,0,0.5765058
100,000001.SZ,13.803601183115417,13.762912601882944,13.874806200272236,13.640846858185537,S5,UNK,V1,0,0.5751083
101,000001.SZ,13.82394547373165,13.834117619039766,13.854461909656004,13.661191148801771,S5,UNK,V3,0,0.5737676
102,000001.SZ,13.854461909656004,13.915494781504709,14.088421251742703,13.813773328423531,S5,UNK,V1,0,0.5719093
103,000001.SZ,13.90532263619659,13.874806200272236,13.966355508045297,13.762912601882944,S1,T1,V3,0,0.5698836
104,000001.SZ,13.722224020650476,13.946011217429062,13.946011217429062,13.630674712877418,S2,T1,V3,0,0.5679238
105,000001.SZ,13.30516606301766,13.610330422261184,13.620502567569302,13.22378890055272,S5,UNK,V3,0,0.5676773
106,000001.SZ,13.213616755244605,13.122067447471544,13.244133191168952,13.09155101154719,S5,UNK,V3,0,0.56873095
107,000001.SZ,13.040690285006606,13.071206720930956,13.193272464628368,13.02034599439037,S5,UNK,V4,0,0.5707102
108,000001.SZ,13.111895302163427,13.122067447471544,13.213616755244605,13.081378866239074,S5,UNK,V3,0,0.5726351
109,000001.SZ,13.071206720930956,13.111895302163427,13.14241173808778,12.9796574131579,S5,UNK,V4,0,0.57407796
110,000001.SZ,12.9796574131579,12.9796574131579,13.02034599439037,12.806730942919902,S5,UNK,V1,1,0.5753658
111,000001.SZ,13.02034599439037,12.949140977233547,13.06103457562284,12.827075233536137,S5,UNK,V3,0,0.5766308
112,000001.SZ,12.857591669460492,12.959313122541666,12.9796574131579,12.837247378844252,S5,UNK,V1,1,0.5778948
113,000001.SZ,12.81690308822802,12.867763814768608,12.908452396001078,12.73552592576308,S5,UNK,V3,1,0.57916373
114,000001.SZ,13.02034599439037,12.857591669460492,13.10172315685531,12.81690308822802,S5,UNK,V1,1,0.5803826
115,000001.SZ,13.02034599439037,13.14241173808778,13.193272464628368,12.928796686617313,S5,UNK,V3,1,0.58070314
116,000001.SZ,13.02034599439037,13.050862430314725,13.10172315685531,12.938968831925427,S5,UNK,V1,1,0.58070976
117,000001.SZ,13.34585464425013,13.010173849082252,13.37637108017448,12.959313122541666,S5,T2,V1,1,0.5804953
118,000001.SZ,13.661191148801771,13.30516606301766,13.722224020650476,13.193272464628368,S5,UNK,V3,1,0.5791936
119,000001.SZ,14.495307064067402,13.803601183115417,14.566512081224229,13.793429037807297,S5,UNK,V4,1,0.5778622
120,000001.SZ,15.949923843128204,14.851332149851515,15.949923843128204,14.841160004543395,S1,T1,V3,0,0.5765546
121,000001.SZ,15.746480936965852,16.580596852231487,16.91627764739936,15.288734398100566,S2,T1,V3,0,0.57522416
122,000001.SZ,16.031301005593143,15.492177304262915,16.275432492987964,15.492177304262915,S2,T1,V4,0,0.57388306
123,000001.SZ,15.79734166350644,15.929579552511967,15.929579552511967,15.573554466727856,S2,T1,V3,0,0.57203007
124,000001.SZ,15.11580792786257,15.614243047960326,15.746480936965852,15.014086474781395,S2,T1,V4,0,0.57000166
125,000001.SZ,15.146324363786924,14.953053602932687,15.339595124641152,14.749610696770342,S2,T1,V3,0,0.5679468
126,000001.SZ,14.932709312316454,15.15649650909504,15.451488723030447,14.80047142331093,S2,T1,V1,0,0.565871
127,000001.SZ,14.51565135468364,15.034430765397628,15.11580792786257,14.47496277345117,S2,T1,V3,1,0.5649617
128,000001.SZ,14.393585610986229,14.54616779060799,14.80047142331093,14.363069175061876,S2,T1,V3,0,0.5649617
129,000001.SZ,14.383413465678112,14.413929901602463,14.525823499991755,14.190142704823876,S5,UNK,V4,0,0.5649617
130,000001.SZ,14.983570038857042,14.47496277345117,15.024258620089512,14.34272488444564,S5,UNK,V1,0,0.5649617
131,000001.SZ,14.739438551462223,14.932709312316454,14.932709312316454,14.647889243689168,S5,UNK,V3,0,0.5649617
132,000001.SZ,14.658061388997284,14.739438551462223,14.902192876392103,14.51565135468364,S5,UNK,V4,0,0.56496394
133,000001.SZ,14.251175576672583,14.485134918759286,14.535995645299872,14.047732670510236,S5,UNK,V4,0,0.5655945
134,000001.SZ,13.732396165958592,14.210486995440116,14.230831286056349,13.651019003493651,S5,UNK,V3,0,0.5675089
135,000001.SZ,13.467920387947538,13.90532263619659,13.915494781504709,13.325510353633891,S5,UNK,V3,1,0.56774783
136,000001.SZ,13.569641841028712,13.569641841028712,13.661191148801771,13.406887516098834,S5,UNK,V4,1,0.56774974
137,000001.SZ,13.773084747191062,13.57981398633683,13.86463405496412,13.437403952023184,S5,UNK,V4,1,0.56774974
138,000001.SZ,13.600158276953064,13.732396165958592,13.742568311266709,13.600158276953064,S5,UNK,V3,1,0.56774974
139,000001.SZ,13.569641841028712,13.508608969180008,13.762912601882944,13.478092533255657,S5,UNK,V4,1,0.56774974
140,000001.SZ,13.82394547373165,13.70187973003424,13.854461909656004,13.661191148801771,S5,T2,V1,1,0.56774974
141,000001.SZ,14.281692012596936,13.895150490888474,14.393585610986229,13.71205187534236,S4,T2,V3,1,0.56774974
142,000001.SZ,13.996871943969646,14.057904815818352,14.088421251742703,13.854461909656004,S4,T2,V3,1,0.5677494
143,000001.SZ,14.139281978283291,14.057904815818352,14.200314850132,13.884978345580356,S4,T2,V4,1,0.5677493
144,000001.SZ,13.935839072120942,14.037560525202116,14.139281978283291,13.854461909656004,S4,T2,V4,1,0.5677493
145,000001.SZ,14.190142704823876,13.90532263619659,14.261347721980702,13.854461909656004,S4,T2,V3,1,0.56774926
146,000001.SZ,14.373241320369994,14.210486995440116,14.91236502170022,14.210486995440116,S5,T2,V2,1,0.56774867
147,000001.SZ,14.627544953072931,14.454618482834936,14.749610696770342,14.393585610986229,S1,T1,V4,1,0.5677475
148,000001.SZ,14.424102046910582,14.647889243689168,14.708922115537872,14.383413465678112,S2,T1,V3,1,0.56774867
149,000001.SZ,14.719094260845988,14.34272488444564,14.759782842078458,14.302036303213171,S2,T1,V4,0,0.56774926
150,000001.SZ,15.451488723030447,14.851332149851515,15.614243047960326,14.80047142331093,S2,T1,V3,0,0.56774926
151,000001.SZ,15.410800141797978,15.461660868338564,15.56338232141974,15.166668654403155,S2,T1,V3,0,0.56774926
152,000001.SZ,15.35993941525739,15.370111560565508,15.614243047960326,15.217529380943745,S2,T1,V1,0,0.56774926
153,000001.SZ,14.841160004543395,15.268390107484333,15.40062799648986,14.780127132694693,S2,T1,V3,0,0.5677493
154,000001.SZ,14.698749970229754,14.96322574824081,14.96322574824081,14.566512081224229,S2,T1,V3,1,0.56774926
155,000001.SZ,14.708922115537872,14.749610696770342,14.96322574824081,14.658061388997284,S2,T1,V4,1,0.5677493
156,000001.SZ,14.851332149851515,14.810643568619046,14.942881457624573,14.708922115537872,S2,T1,V1,1,0.5677493
157,000001.SZ,14.617372807764813,14.851332149851515,14.861504295159632,14.525823499991755,S2,T1,V2,1,0.5677493
158,000001.SZ,14.708922115537872,14.647889243689168,14.708922115537872,14.35289702975376,S5,UNK,V3,1,0.5677493
159,000001.SZ,15.39045585118174,14.50547920937552,15.441316577722327,14.50547920937552,S1,T1,V4,0,0.56774926
160,000001.SZ,15.339595124641152,15.56338232141974,15.949923843128204,15.248045816868098,S2,T1,V3,0,0.5677493
161,000001.SZ,15.40062799648986,15.217529380943745,15.492177304262915,15.136152218478804,S2,T1,V1,1,0.5677493
162,000001.SZ,15.583726612035974,15.268390107484333,15.79734166350644,15.268390107484333,S2,T1,V3,0,0.5677471
163,000001.SZ,15.15649650909504,15.583726612035974,15.59389875734409,15.095463637246336,S2,T1,V3,1,0.5671358
164,000001.SZ,15.217529380943745,14.983570038857042,15.31925083402492,14.851332149851515,S2,T1,V3,1,0.5651133
165,000001.SZ,15.197185090327508,15.136152218478804,15.502349449571035,15.085291491938216,S2,T1,V1,1,0.5630218
166,000001.SZ,15.695620210425265,15.258217962176214,15.695620210425265,15.258217962176214,S2,T1,V1,0,0.56096107
167,000001.SZ,15.471833013646682,15.522693740187268,15.827858099430792,15.39045585118174,S2,T1,V3,1,0.55782115
168,000001.SZ,15.604070902652207,15.583726612035974,15.746480936965852,15.461660868338564,S2,T1,V4,1,0.55412805
169,000001.SZ,15.268390107484333,15.441316577722327,15.56338232141974,15.0751193466301,S2,T1,V4,1,0.55041724
170,000001.SZ,15.56338232141974,15.268390107484333,15.56338232141974,15.176840799711274,S2,T1,V3,1,0.5461112
171,000001.SZ,15.614243047960326,15.461660868338564,15.746480936965852,15.410800141797978,S2,T1,V4,1,0.54153204
172,000001.SZ,15.705792355733385,15.583726612035974,15.80751380881456,15.471833013646682,S2,T1,V1,1,0.5370674
173,000001.SZ,15.83803024473891,15.80751380881456,15.990612424360672,15.665103774500912,S2,T1,V3,0,0.5326544
174,000001.SZ,16.346637510144784,15.888890971279496,16.366981800761017,15.787169518198322,S2,T1,V3,0,0.52831584
175,000001.SZ,16.13302245867432,16.275432492987964,16.32629321952855,15.980440279052557,S2,T1,V3,0,0.5240953
176,000001.SZ,15.83803024473891,15.939751697820084,16.112678168058082,15.654931629192795,S2,T1,V4,0,0.51998574
177,000001.SZ,15.899063116587618,15.858374535355146,16.102506022749964,15.776997372890206,S2,T1,V3,0,0.5188963
178,000001.SZ,15.380283705873625,15.858374535355146,15.87871882597138,15.380283705873625,S5,UNK,V1,1,0.5195185
179,000001.SZ,15.451488723030447,15.461660868338564,15.573554466727856,15.370111560565508,S5,UNK,V3,1,0.52153814
180,000001.SZ,15.573554466727856,15.451488723030447,15.63458733857656,15.23787367155998,S5,UNK,V4,1,0.5244819
181,000001.SZ,15.054775056013868,15.654931629192795,15.675275919809032,15.014086474781395,S5,UNK,V3,1,0.5283823
182,000001.SZ,15.43114443241421,15.054775056013868,15.532865885495385,15.054775056013868,S5,UNK,V3,1,0.5325472
183,000001.SZ,15.441316577722327,15.56338232141974,15.817685954122677,15.39045585118174,S4,T2,V4,1,0.536813
184,000001.SZ,16.173711039906788,15.4820051589548,16.32629321952855,15.471833013646682,S5,UNK,V1,1,0.5387923
185,000001.SZ,16.336465364836666,16.173711039906788,16.387326091377254,16.04147315090126,S5,UNK,V3,1,0.53879225
186,000001.SZ,16.305948928912315,16.31612107422043,16.397498236685372,16.071989586825612,S5,UNK,V4,1,0.53879225
187,000001.SZ,16.84507263024254,16.47887539915031,17.21126986133477,16.428014672609724,S1,T1,V1,1,0.53879225
188,000001.SZ,17.394368476880885,16.84507263024254,17.669016400200057,16.824728339626304,S2,T1,V3,1,0.53879225
189,000001.SZ,17.78090999858935,17.597811383043236,18.411583007692634,17.597811383043236,S2,T1,V3,1,0.53879225
190,000001.SZ,17.841942870438054,17.78090999858935,17.90297574228676,17.546950656502645,S2,T1,V4,1,0.53879225
191,000001.SZ,18.2183122468384,17.94366432351923,18.30986155461146,17.628327818967584,S2,T1,V1,0,0.53879225
192,000001.SZ,17.862287161054287,18.24882868276276,18.81846882001733,17.597811383043236,S2,T1,V3,1,0.53879225
193,000001.SZ,18.442099443616986,17.83177072512994,19.103288888644624,17.83177072512994,S2,T1,V4,0,0.53879225
194,000001.SZ,18.004697195367932,18.513304460773806,18.604853768546864,17.750393562664996,S2,T1,V3,0,0.53879225
195,000001.SZ,18.06573006721664,18.30986155461146,18.30986155461146,17.801254289205584,S2,T1,V4,1,0.53879225
196,000001.SZ,17.93349217821111,18.06573006721664,18.20814010153028,17.587639237735115,S2,T1,V1,1,0.5387922
197,000001.SZ,18.07590221252476,17.841942870438054,18.238656537454634,17.648672109583824,S2,T1,V3,0,0.53879225
198,000001.SZ,18.05555792190852,18.0453857766004,18.676058785703685,17.90297574228676,S2,T1,V3,0,0.53879225
199,000001.SZ,17.93349217821111,17.953836468827344,18.360722281152047,17.628327818967584,S2,T1,V1,1,0.5387922
200,000001.SZ,18.26917297337899,18.01486934067605,18.65571449508745,18.004697195367932,S2,T1,V3,1,0.53879225
201,000001.SZ,18.63537020447122,18.66588664039557,18.798124529401097,18.26917297337899,S2,T1,V3,0,0.5387922
202,000001.SZ,18.004697195367932,18.686230931011806,18.81846882001733,17.841942870438054,S5,UNK,V3,0,0.5387922
203,000001.SZ,17.94366432351923,18.01486934067605,18.05555792190852,17.516434220578294,S5,UNK,V3,0,0.53879225
204,000001.SZ,18.147107229681577,17.974180759443584,18.30986155461146,17.841942870438054,S5,UNK,V1,0,0.53879225
205,000001.SZ,18.42175515300075,18.30986155461146,18.81846882001733,18.238656537454634,S5,UNK,V3,0,0.5387922
206,000001.SZ,18.116590793757226,18.513304460773806,18.615025913854986,17.90297574228676,S5,UNK,V3,1,0.53879166
207,000001.SZ,17.964008614135462,18.116590793757226,18.24882868276276,17.750393562664996,S5,UNK,V3,1,0.53876495
208,000001.SZ,17.475745639345824,17.719877126740645,17.77073785328123,16.97731051924807,S5,UNK,V4,1,0.5379778
209,000001.SZ,17.669016400200057,17.37402418626465,17.730049272048763,17.190925570718534,S5,UNK,V3,1,0.5356693
210,000001.SZ,18.13693508437346,17.679188545508172,18.238656537454634,17.546950656502645,S5,UNK,V4,1,0.5324078
211,000001.SZ,18.777780238784864,18.086074357832874,18.81846882001733,18.05555792190852,S5,UNK,V3,1,0.5282439
212,000001.SZ,19.174493905801445,18.910018127790387,19.30673179480697,18.615025913854986,S5,UNK,V3,1,0.5240679
213,000001.SZ,19.184666051109563,19.154149615185208,19.31690394011509,18.838813110633566,S2,T1,V4,1,0.5199753
214,000001.SZ,19.957749094526488,19.174493905801445,19.957749094526488,19.123633179260857,S2,T1,V1,1,0.5188688
215,000001.SZ,19.69327331651544,19.957749094526488,20.0187819663752,19.5000025556612,S2,T1,V3,1,0.5188688
216,000001.SZ,19.38810895727191,19.81533906021285,20.039126256991427,19.377936811963792,S2,T1,V4,1,0.5188688
217,000001.SZ,19.83568335082908,19.377936811963792,19.947576949218373,19.35759252134756,S2,T1,V3,1,0.5188688
218,000001.SZ,20.039126256991427,20.34429061623496,20.34429061623496,19.713617607131667,S2,T1,V3,0,0.5188688
219,000001.SZ,20.079814838223896,20.24256916315377,21.23943940334929,19.927232658602133,S2,T1,V4,0,0.5188688
220,000001.SZ,20.39515134277554,20.039126256991427,20.863070026948947,19.733961897747903,S2,T1,V1,0,0.5188688
221,000001.SZ,19.96792123983461,20.27308559907813,20.405323488083656,19.856027641445312,S2,T1,V3,0,0.5188688
222,000001.SZ,19.876371932061545,20.12050341945637,20.20188058192131,19.5000025556612,S2,T1,V3,0,0.5188688
223,000001.SZ,19.63224044466673,19.805166914904724,19.805166914904724,19.29655964949885,S5,UNK,V4,0,0.5188688
224,000001.SZ,19.23552677765015,19.64241258997485,19.723789752439785,19.001567435563445,S5,UNK,V3,0,0.5188784
225,000001.SZ,19.0320838714878,19.245698922958265,19.35759252134756,18.848985255941685,S5,UNK,V3,1,0.5198872
226,000001.SZ,19.0320838714878,19.11346103395273,19.377936811963792,19.001567435563445,S5,UNK,V4,1,0.5233655
227,000001.SZ,18.971050999639093,19.05242816210404,19.2050103417258,18.767608093476746,S5,UNK,V1,1,0.5273825
228,000001.SZ,18.838813110633566,19.0320838714878,19.123633179260857,18.533648751390043,S5,UNK,V3,0,0.5315428
229,000001.SZ,19.2050103417258,18.92019027309851,19.38810895727191,18.81846882001733,S5,UNK,V2,0,0.53580195
230,000001.SZ,19.062600307412147,19.123633179260857,19.174493905801445,18.46244373423322,S5,UNK,V3,0,0.54010916
231,000001.SZ,19.337248230731326,19.123633179260857,19.42879753850438,18.89984598248227,S5,UNK,V4,0,0.54451835
232,000001.SZ,19.276215358882617,19.23552677765015,19.398281102580025,18.92019027309851,S5,UNK,V3,0,0.548869
233,000001.SZ,18.676058785703685,19.327076085423204,19.42879753850438,18.54382089669816,S5,UNK,V1,0,0.5526638
234,000001.SZ,18.59468162323875,18.615025913854986,18.96087885433097,18.34037799053581,S5,UNK,V3,1,0.5562225
235,000001.SZ,18.20814010153028,18.676058785703685,18.971050999639093,18.187795810914047,S5,UNK,V4,1,0.5598547
236,000001.SZ,18.30986155461146,18.26917297337899,18.38106657176828,18.09624650314099,S5,UNK,V3,1,0.56242335
237,000001.SZ,18.57433733262252,18.46244373423322,18.80829667470921,18.360722281152047,S4,T2,V4,1,0.5644275
238,000001.SZ,18.350550135843925,18.57433733262252,18.57433733262252,18.106418648449107,S5,UNK,V3,1,0.5664128
239,000001.SZ,19.174493905801445,18.33020584522769,19.184666051109563,18.26917297337899,S5,T2,V2,0,0.5673043
240,000001.SZ,19.5000025556612,19.19483819641768,19.63224044466673,19.02191172617968,S5,UNK,V3,1,0.5673045
241,000001.SZ,19.530518991585552,19.327076085423204,19.530518991585552,19.04225601679592,S5,UNK,V4,1,0.5673045
242,000001.SZ,19.6729290258992,19.54069113689368,19.91706051329401,19.34742037603944,S5,UNK,V1,1,0.5673045
243,000001.SZ,18.92019027309851,19.42879753850438,19.42879753850438,18.757435948168627,S4,T2,V3,1,0.5673045
244,000001.SZ,18.48278802484945,18.71674736693616,18.798124529401097,18.106418648449107,S5,UNK,V3,1,0.5673045
245,000001.SZ,19.896716222677785,18.391238717076394,19.896716222677785,18.30986155461146,S5,UNK,V4,1,0.5673045
246,000001.SZ,20.242623848807447,19.85608128285032,20.324001231114213,19.561088271988307,S5,UNK,V3,1,0.5673045
247,000001.SZ,20.19176298486572,20.242623848807447,20.446067304574363,19.64246565429507,S5,UNK,V4,1,0.5673045
248,000001.SZ,20.73088814264804,20.344345576690905,20.995364635145016,20.344345576690905,S5,UNK,V1,1,0.5673045
249,000001.SZ,21.36156285552545,20.74106031543638,21.36156285552545,20.527444686881125,S5,UNK,V3,1,0.5673045
250,000001.SZ,21.05639767187509,21.36156285552545,21.3717350283138,20.751232488224726,S1,T1,V3,1,0.5673045
251,000001.SZ,20.51727251409278,21.0360533262984,21.24966895485365,20.293484712749176,S2,T1,V4,1,0.5673045
252,000001.SZ,21.36156285552545,21.36156285552545,22.327919270418267,21.178463745335232,S2,T1,V3,1,0.5673045
253,000001.SZ,23.090832229544176,21.56500631129236,23.172209611850946,21.56500631129236,S2,T1,V3,0,0.5673045
254,000001.SZ,22.72463400916374,22.89756094656562,23.23324264858101,22.429640998301725,S2,T1,V3,1,0.5673003
255,000001.SZ,22.85687225541223,22.531362726185176,23.365480894829503,22.500846207820143,S2,T1,V4,1,0.5668452
256,000001.SZ,22.61274010849194,22.887388773777268,23.192553957427634,22.531362726185176,S2,T1,V4,1,0.56510425
257,000001.SZ,22.40929665272504,22.61274010849194,22.61274010849194,21.880343667731072,S2,T1,V3,1,0.563022
258,000001.SZ,22.877216600988923,22.093959296286325,22.98911050166073,21.798966285424303,S2,T1,V4,1,0.5609615
259,000001.SZ,22.755150527528777,22.683945318010363,23.7215069424216,22.683945318010363,S2,T1,V3,1,0.5578232
260,000001.SZ,23.477374795501305,22.694117490798703,23.87408953424677,22.694117490798703,S2,T1,V4,1,0.5541302
261,000001.SZ,23.20272613021597,23.172209611850946,23.57909652338476,22.836527909835542,S2,T1,V3,1,0.55041826
262,000001.SZ,23.487546968289653,23.20272613021597,23.9452947437652,23.101004402332524,S2,T1,V4,1,0.54611087
263,000001.SZ,24.972684195388087,23.39599741319454,25.42025979807529,23.090832229544176,S2,T1,V4,1,0.5415313
264,000001.SZ,23.680818251268217,23.782539979151668,24.51493641991254,23.30444785809944,S2,T1,V3,1,0.5370648
265,000001.SZ,25.379571106921905,23.88426170703513,25.61353108105385,23.782539979151668,S2,T1,V4,0,0.53265125
266,000001.SZ,25.023545059329816,24.596313802219303,25.674564117783923,24.453903383182467,S2,T1,V3,0,0.52831286
267,000001.SZ,25.359226761345216,25.023545059329816,25.745769327302337,24.687863357314416,S2,T1,V4,0,0.5240922
268,000001.SZ,25.226988515096725,25.32871024298018,25.32871024298018,24.51493641991254,S2,T1,V4,0,0.51997995
269,000001.SZ,25.003200713753124,25.21681634230838,25.267677206250102,24.58614162943096,S2,T1,V4,0,0.5188689
270,000001.SZ,24.23011558183887,25.023545059329816,25.38974327971025,23.782539979151668,S5,UNK,V3,0,0.5188688
271,000001.SZ,24.718379875679453,24.41321469202909,24.972684195388087,23.88426170703513,S5,UNK,V3,0,0.5188688
272,000001.SZ,24.260632100203907,24.372526000875705,24.60648597500765,23.975811262130232,S5,UNK,V4,0,0.5188724
273,000001.SZ,22.765322700317125,24.20977123626218,24.20977123626218,22.64325662685697,S5,UNK,V2,0,0.5225674
274,000001.SZ,22.30757492484157,22.765322700317125,23.070487883967488,22.19568102416978,S5,UNK,V3,0,0.5265679
275,000001.SZ,22.541534898973524,22.65342879964533,22.66360097243367,21.9312045316728,S5,UNK,V4,1,0.5306803
276,000001.SZ,22.470329689455102,22.785667045893813,22.94842181050734,22.05327060513294,S5,UNK,V4,1,0.5349103
277,000001.SZ,21.748105421482578,21.97189322282618,22.33809144320661,21.575178484080705,S5,UNK,V1,1,0.53919816
278,000001.SZ,21.819310631000995,21.910860186096105,22.05327060513294,21.54466196571567,S5,UNK,V3,1,0.5435718
279,000001.SZ,22.022754086767904,21.99223756840287,22.531362726185176,21.626039348022434,S5,UNK,V1,0,0.54798126
280,000001.SZ,23.40616958598289,21.951548877249483,23.477374795501305,21.829482803789343,S5,UNK,V3,0,0.55198103
281,000001.SZ,23.314620030887777,23.1620374390626,23.894433879823467,23.039971365602447,S5,UNK,V3,0,0.555547
282,000001.SZ,22.72463400916374,23.090832229544176,23.37565306761785,22.23636971532316,S5,UNK,V1,0,0.5591661
283,000001.SZ,21.97189322282618,22.8263557370472,23.08066005675584,21.849827149366035,S5,UNK,V3,0,0.56210893
284,000001.SZ,21.20898026370028,22.05327060513294,22.29740275205324,20.93433159841494,S5,UNK,V3,1,0.5641222
285,000001.SZ,20.751232488224726,21.198808090911925,21.270013300430342,20.62916641476458,S5,UNK,V3,1,0.5661248
286,000001.SZ,21.63621152081078,20.93433159841494,21.748105421482578,20.91398725283825,S5,UNK,V4,1,0.5680784
287,000001.SZ,21.849827149366035,21.73793324869424,22.07361495070964,21.56500631129236,S4,T4,V3,0,0.5700195
288,000001.SZ,21.97189322282618,21.76844976705927,22.500846207820143,21.47345675619725,S4,T2,V4,0,0.5719101
289,000001.SZ,22.03292625955625,21.97189322282618,22.4906740350318,21.63621152081078,S5,T2,V2,0,0.57361484
290,000001.SZ,21.56500631129236,21.819310631000995,21.92103235888445,21.259841127642,S5,UNK,V1,0,0.57488835
291,000001.SZ,22.10413146907467,21.66672803917581,22.10413146907467,21.36156285552545,S4,T2,V3,0,0.57613456
292,000001.SZ,20.82243769774314,21.90068801330776,22.022754086767904,20.72071596985969,S5,UNK,V3,1,0.5773564
293,000001.SZ,21.92103235888445,20.903815080049903,21.92103235888445,20.88347073447321,S4,T2,V3,0,0.5785329
294,000001.SZ,21.5955228296574,21.941376704461145,22.022754086767904,21.32087416437207,S4,T2,V4,1,0.57975304
295,000001.SZ,20.88347073447321,21.575178484080705,21.646383693599127,20.802093352166448,S5,UNK,V4,1,0.5809572
296,000001.SZ,21.10725853581681,20.93433159841494,21.188635918123577,20.751232488224726,S5,UNK,V3,1,0.5821239
297,000001.SZ,21.50397327456229,21.198808090911925,21.76844976705927,21.117430708605163,S4,T2,V4,1,0.58178985
298,000001.SZ,21.859999322154376,21.646383693599127,22.022754086767904,21.56500631129236,S4,T2,V3,1,0.58097255
299,000001.SZ,22.30757492484157,21.748105421482578,22.30757492484157,21.575178484080705,S5,T2,V2,0,0.5808792
300,000001.SZ,22.388952307148344,22.14482016022805,22.449985343878414,21.97189322282618,S4,T2,V3,0,0.580855
301,000001.SZ,22.1549923330164,22.46015751666676,22.4906740350318,21.870171494942724,S5,T2,V1,0,0.5807997
302,000001.SZ,21.870171494942724,22.07361495070964,22.10413146907467,21.72776107590589,S4,T2,V3,0,0.5806014
303,000001.SZ,22.05327060513294,21.92103235888445,22.470329689455102,21.880343667731072,S4,T2,V3,0,0.58126724
304,000001.SZ,22.012581913979563,22.25671406089985,22.30757492484157,21.67690021196416,S4,T2,V4,0,0.58144
305,000001.SZ,21.9312045316728,21.829482803789343,22.10413146907467,21.69724455754085,S5,T2,V1,0,0.58118373
306,000001.SZ,21.66672803917581,22.083787123497977,22.093959296286325,21.44294023783221,S4,T2,V3,0,0.58071494
307,000001.SZ,21.05639767187509,21.880343667731072,21.880343667731072,20.985192462356668,S5,UNK,V3,1,0.58061934
308,000001.SZ,21.13777505418185,21.07674201745177,21.239496782065302,20.94450377120329,S5,UNK,V3,1,0.5806153
309,000001.SZ,21.025881153510056,21.1479472269702,21.30052981879538,20.77157683380141,S5,UNK,V1,1,0.58061516
310,000001.SZ,20.71054379707134,21.117430708605163,21.127602881393507,20.425722958997667,S5,UNK,V3,1,0.58061516
311,000001.SZ,20.60882206918789,20.71054379707134,20.781749006589763,20.15107429371234,S5,UNK,V3,1,0.58061516
312,000001.SZ,21.514145447350632,20.374862095055946,21.605695002445746,20.2527960215958,S4,T2,V4,1,0.58061516
313,000001.SZ,22.06344277792129,21.44294023783221,22.327919270418267,21.28018547321869,S4,T2,V3,1,0.581512
314,000001.SZ,23.40616958598289,22.683945318010363,23.589268696173107,22.67377314522201,S5,UNK,V4,1,0.5802678
315,000001.SZ,23.37565306761785,23.589268696173107,23.62995738732649,23.172209611850946,S5,UNK,V3,1,0.5789943
316,000001.SZ,23.69099042405656,23.7215069424216,24.057188644436994,23.46720262271296,S5,UNK,V1,0,0.57765895
317,000001.SZ,23.33496437646447,24.2809764457806,24.647174666161032,23.29427568531109,S5,UNK,V3,1,0.57635343
318,000001.SZ,23.33496437646447,23.345136549252818,23.589268696173107,23.253586994157704,S5,UNK,V3,1,0.5750414
319,000001.SZ,23.752023460786635,23.69099042405656,23.85374518867009,23.172209611850946,S5,UNK,V1,1,0.5737074
320,000001.SZ,23.996155607706925,23.741851287998287,24.118221681167068,23.50789131386634,S5,UNK,V3,0,0.57229865
321,000001.SZ,23.69099042405656,23.752023460786635,23.894433879823467,23.40616958598289,S5,UNK,V4,1,0.57029563
322,000001.SZ,23.90460605261181,23.497719141078,24.108049508378723,23.497719141078,S5,UNK,V3,0,0.5682596
323,000001.SZ,24.46407555597081,24.07753299001369,24.718379875679453,23.792712151940016,S5,UNK,V4,0,0.5662005
324,000001.SZ,24.27080427299225,24.41321469202909,24.453903383182467,23.41634175877123,S5,UNK,V3,0,0.56412077
325,000001.SZ,23.93512257097685,24.02667212607196,24.15891037232045,23.457030449924613,S5,UNK,V4,1,0.5619938
326,000001.SZ,23.95546691655354,23.69099042405656,24.047016471648654,23.2739313397344,S5,UNK,V3,1,0.55990165
327,000001.SZ,23.46720262271296,23.924950398188503,23.996155607706925,23.23324264858101,S1,T1,V1,1,0.5569387
328,000001.SZ,23.907991067093896,23.72345254256229,24.020764609863207,23.1698369689675,S2,T1,V3,1,0.55311847
329,000001.SZ,24.195050994143045,23.733704682814047,24.420598079681668,23.528661877778937,S2,T1,V4,0,0.55114543
330,000001.SZ,24.50261520169571,24.45135450043693,24.71791014698258,23.990008189107936,S2,T1,V4,1,0.551131
331,000001.SZ,24.195050994143045,24.420598079681668,24.738414427486088,24.113033872129005,S2,T1,V3,1,0.5510987
332,000001.SZ,24.420598079681668,24.00026032935969,24.44110236018518,23.85673036583512,S2,T1,V3,1,0.5509781
333,000001.SZ,24.08227745137373,24.4821109211922,24.69740586647907,23.610678999792984,S5,UNK,V4,1,0.5506905
334,000001.SZ,24.07202531112198,24.07202531112198,24.195050994143045,23.774713243821072,S5,UNK,V3,1,0.55012566
335,000001.SZ,25.2202650193186,24.13353815263251,25.353542842591423,24.041268890366712,S1,T1,V1,0,0.5487766
336,000001.SZ,25.64060276964058,25.261273580325625,25.75337631240989,25.117743616801047,S2,T1,V3,0,0.5459032
337,000001.SZ,25.415055684101954,25.53808136712302,25.79438487341691,25.13824789730456,S2,T1,V4,0,0.54152215
338,000001.SZ,25.117743616801047,25.302282141332643,25.33303856208791,24.769170848241355,S2,T1,V4,1,0.5370639
339,000001.SZ,24.81017940924838,24.9434572325212,25.14850003755632,24.51286734194747,S2,T1,V3,1,0.53265065
340,000001.SZ,24.523119482199228,24.81017940924838,24.86144011050716,24.09252959162549,S5,UNK,V3,1,0.5283122
341,000001.SZ,24.49236306144396,24.49236306144396,24.523119482199228,23.969503908604427,S5,UNK,V4,1,0.5240915
342,000001.SZ,24.369337378422887,24.318076677164115,24.74866656773785,24.27706811615709,S5,UNK,V1,1,0.51997924
343,000001.SZ,25.158752177808065,24.59488446396151,25.5893420683818,24.40009379917816,S5,UNK,V3,0,0.5188688
344,000001.SZ,24.912700811765937,25.09723933629753,25.09723933629753,24.53337162245098,S5,UNK,V3,0,0.5188688
345,000001.SZ,25.14850003755632,24.7589187079896,25.18950859856333,24.55387590295449,S5,UNK,V4,0,0.5188688
346,000001.SZ,25.271525720577376,25.04597863503876,25.50732494636776,24.789675128744868,S5,UNK,V4,0,0.5188688
347,000001.SZ,24.81017940924838,25.28177786082913,25.69186347089936,24.7589187079896,S5,UNK,V4,0,0.5188783
348,000001.SZ,23.95925176835267,24.92295295201769,24.96396151302472,23.702948262058783,S5,UNK,V3,0,0.51939297
349,000001.SZ,23.805469664576336,23.938747487849163,24.020764609863207,23.374879774002608,S5,UNK,V3,0,0.5221894
350,000001.SZ,23.846478225583365,23.805469664576336,23.990008189107936,23.590174719289475,S5,UNK,V4,0,0.5260196
351,000001.SZ,23.68244398155528,23.600426859541223,24.28732025640885,23.600426859541223,S5,UNK,V1,0,0.5301108
352,000001.SZ,23.221097670226268,23.713200402310537,23.86698250608687,22.954542023680627,S5,UNK,V3,1,0.53433454
353,000001.SZ,22.71874279789025,23.1698369689675,23.241601950729784,22.56496069411392,S5,UNK,V3,1,0.5386298
354,000001.SZ,23.54916615828245,22.94428988342888,23.67219184130352,22.81101206015605,S5,UNK,V3,0,0.54300725
355,000001.SZ,23.72345254256229,23.426140475261384,24.00026032935969,23.29286265198856,S5,UNK,V3,0,0.5474569
356,000001.SZ,23.66193970105176,23.610678999792984,23.702948262058783,23.25185409098154,S5,UNK,V4,1,0.5514339
357,000001.SZ,23.94899962810092,23.66193970105176,24.195050994143045,23.641435420548248,S5,UNK,V1,0,0.55500424
358,000001.SZ,23.35437549349909,23.94899962810092,23.97975604885618,23.046811285946426,S5,UNK,V3,0,0.5586252
359,000001.SZ,22.90328132242185,23.149332688463986,23.36462763375085,22.554708553862163,S5,UNK,V3,1,0.5617397
360,000001.SZ,23.190341249471008,22.92378560292536,23.508157597275428,22.91353346267361,S5,UNK,V4,0,0.56374633
361,000001.SZ,23.784965384072827,23.38513191425436,24.09252959162549,23.08781984695345,S4,T2,V4,0,0.56573975
362,000001.SZ,22.359917889078808,23.29286265198856,23.31336693249208,22.30865718782003,S5,UNK,V3,0,0.5676861
363,000001.SZ,22.616221395372698,22.236892206057743,22.708490657638496,21.62176379095241,S5,UNK,V3,0,0.5696202
364,000001.SZ,23.35437549349909,22.636725675876203,23.57992257903772,22.40092645008583,S4,T2,V4,0,0.571506
365,000001.SZ,23.11857626770872,23.25185409098154,23.631183280296494,23.06731556644994,S4,T2,V3,0,0.57318795
366,000001.SZ,22.052353681526142,23.35437549349909,23.35437549349909,21.73453733372172,S5,UNK,V4,1,0.5744573
367,000001.SZ,21.806302315484007,21.837058736239275,22.175379364547208,21.54999880919012,S5,UNK,V3,1,0.57570064
368,000001.SZ,21.693528772714696,22.042101541274388,22.042101541274388,21.4167209859173,S5,UNK,V4,1,0.57691514
369,000001.SZ,21.65252021170768,21.683276632462945,21.8780672972463,21.05789607710585,S5,UNK,V4,0,0.5780965
370,000001.SZ,21.28344316264448,21.52949452868661,21.52949452868661,20.924618253833035,S5,UNK,V1,0,0.5793103
371,000001.SZ,22.165127224295453,21.242434601637456,22.267648626813006,21.150165339371654,S5,UNK,V3,0,0.58051217
372,000001.SZ,21.8780672972463,21.949832279008582,22.370170029330563,21.837058736239275,S5,UNK,V3,0,0.58151746
373,000001.SZ,21.74478947397348,21.89857157774981,21.9703365595121,21.30394744314799,S5,UNK,V4,0,0.58076894
374,000001.SZ,21.1194089186164,21.632015931204165,21.73453733372172,20.986131095343566,S5,UNK,V4,0,0.5799114
375,000001.SZ,20.965626814840054,21.09890463811288,21.324451723651503,20.709323308546168,S5,UNK,V3,0,0.57889426
376,000001.SZ,20.893861833077768,20.965626814840054,21.180921760126925,20.750331869553182,S1,T3,V4,0,0.57767063
377,000001.SZ,20.60680190602861,20.893861833077768,20.893861833077768,20.50428050351106,S2,T3,V1,0,0.57605046
378,000001.SZ,19.274023673300395,20.46327194250404,20.494028363259297,18.89469448398544,S2,T3,V3,0,0.5740472
379,000001.SZ,18.207801087117826,19.345788655062684,19.46881433808375,18.04376684308973,S2,T3,V3,1,0.5732051
380,000001.SZ,18.197548946866064,18.30007034938362,18.525617434922243,18.12578396510377,S2,T3,V4,1,0.57194567
381,000001.SZ,18.41284389215293,18.36158319089415,18.699903819202085,18.22830536762133,S2,T3,V1,0,0.570629
382,000001.SZ,18.136036105355533,18.37183533114591,18.50511315441873,17.67468979402653,S2,T3,V3,1,0.5692327
383,000001.SZ,18.464104593411708,18.08477540409676,18.59738241668453,17.613176952515996,S2,T3,V3,1,0.567731
384,000001.SZ,18.34107891039064,18.443600312908195,18.607634556936283,18.105279684600266,S2,T3,V3,1,0.5644647
385,000001.SZ,18.259061788376595,18.49486101416697,18.525617434922243,18.04376684308973,S2,T3,V4,1,0.55867875
386,000001.SZ,18.12578396510377,18.146288245607284,18.50511315441873,18.02326256258622,S2,T3,V4,1,0.5516994
387,000001.SZ,18.31032248963537,17.992506141830955,18.3513310506424,17.889984739313395,S2,T3,V3,1,0.54355836
388,000001.SZ,19.540579319846035,18.36158319089415,19.7353699846294,18.289818209131862,S5,UNK,V3,1,0.53496337
389,000001.SZ,20.227472716713656,19.571335740601302,20.483776223007546,19.376545075817948,S5,UNK,V3,0,0.52599645
390,000001.SZ,20.3094898387277,20.494028363259297,21.09890463811288,20.19671629595839,S5,UNK,V4,1,0.51669425
391,000001.SZ,20.391506960741747,20.288985558224187,20.811844711063724,20.124951314196103,S5,UNK,V1,1,0.5071583
392,000001.SZ,20.391506960741747,20.27873341797244,20.42226338149701,19.99167349092328,S5,UNK,V1,0,0.49731582
393,000001.SZ,20.45301980225228,20.596549765776857,20.709323308546168,20.06343847268557,S5,UNK,V1,0,0.4872482
394,000001.SZ,20.165959875203125,20.350498399734725,20.72982758904968,20.10444703369259,S5,UNK,V3,0,0.4768992
395,000001.SZ,21.1399131991199,20.165959875203125,21.73453733372172,20.04293419218206,S5,UNK,V3,0,0.46891287
396,000001.SZ,20.852853272070742,20.996383235595324,21.1399131991199,20.524784784014567,S5,UNK,V3,0,0.46257392
397,000001.SZ,19.90965636890924,20.47352408275579,20.576045485273344,19.171502270782835,S4,T4,V4,0,0.45738733
398,000001.SZ,19.78663068588817,19.99167349092328,20.555541204769835,19.59184002110481,S4,T4,V3,0,0.45054406
399,000001.SZ,19.8481435273987,19.83789138714695,20.47352408275579,19.69436142362237,S4,T4,V4,0,0.44214088
400,000001.SZ,19.64310072236359,19.90965636890924,19.96091707016801,19.427805777076724,S5,UNK,V1,0,0.4337566
401,000001.SZ,18.925450904740707,19.684109283370613,19.74562212488115,18.874190203481927,S5,UNK,V3,0,0.42551002
402,000001.SZ,18.85368592297841,19.027972307258256,19.35604079531444,18.77166880096437,S5,UNK,V3,0,0.42036334
403,000001.SZ,18.1667925261108,18.669147398446817,18.75116452046086,17.992506141830955,S1,T3,V1,1,0.41706017
404,000001.SZ,18.248809648124844,18.1667925261108,18.382087471397664,17.74645477578882,S2,T3,V3,1,0.41628137
405,000001.SZ,18.330826770138884,17.920741160068665,18.37183533114591,17.438890568236154,S2,T3,V4,1,0.41613606
406,000001.SZ,18.86393806323017,18.45385245315996,19.25351939279688,18.248809648124844,S2,T3,V1,1,0.41614398
407,000001.SZ,18.49486101416697,18.966459465747725,18.966459465747725,18.146288245607284,S3,T3,V3,1,0.41653344
408,000001.SZ,18.915198764488952,18.382087471397664,19.068980868265285,18.22830536762133,S3,T3,V4,1,0.42440453
409,000001.SZ,19.725117844377635,19.068980868265285,20.05318633243381,18.8126773619714,S5,T2,V2,1,0.43274936
410,000001.SZ,19.714865704125884,19.725117844377635,20.04293419218206,19.58158788085306,S4,T2,V3,1,0.43840876
411,000001.SZ,19.479066478335504,19.59184002110481,19.63284858211184,19.274023673300395,S5,T2,V1,1,0.44595474
412,000001.SZ,21.088652497861123,19.3662929355662,21.29369530289624,19.315032234307417,S5,UNK,V3,0,0.4518294
413,000001.SZ,20.71957544879793,20.87335755257425,21.02713965635059,20.3094898387277,S5,UNK,V3,0,0.45770332
414,000001.SZ,19.858395667650463,20.68881902804265,20.781088290308457,19.755874265132903,S4,T2,V4,0,0.46729615
415,000001.SZ,20.012177771426792,19.796882826139925,21.51924238843485,19.67385714311886,S4,T2,V3,0,0.4759698
416,000001.SZ,19.561083600349548,19.78663068588817,19.99167349092328,19.202258691538105,S4,T2,V4,0,0.48471627
417,000001.SZ,18.997215886503,19.376545075817948,19.479066478335504,18.874190203481927,S5,UNK,V3,0,0.4946017
418,000001.SZ,18.43334817265644,18.320574629887133,18.50511315441873,17.85922831855813,S5,UNK,V3,1,0.5047114
419,000001.SZ,18.12578396510377,18.55637385567751,18.78192094121613,18.095027544348508,S5,UNK,V3,1,0.5144253
420,000001.SZ,17.78746333679584,18.04376684308973,18.12578396510377,17.777211196544087,S5,UNK,V4,1,0.52375734
421,000001.SZ,18.013010422334464,17.643933373271263,18.12578396510377,17.49015126949493,S5,UNK,V3,1,0.53270435
422,000001.SZ,18.423096032404683,17.910489019816907,18.6281388374398,17.889984739313395,S5,UNK,V4,1,0.54133356
423,000001.SZ,18.607634556936283,18.31032248963537,18.9049466242372,18.15654038585904,S5,UNK,V3,1,0.5495559
424,000001.SZ,18.382087471397664,18.546121715425752,18.658895258195063,18.15654038585904,S5,UNK,V4,1,0.557212
425,000001.SZ,19.109989429272304,18.6281388374398,19.3662929355662,18.474356733663463,S5,T2,V2,1,0.5625303
426,000001.SZ,19.889152088405726,19.479066478335504,20.23772485696541,19.479066478335504,S5,UNK,V3,0,0.5643626
427,000001.SZ,19.83789138714695,19.78663068588817,20.20696843621015,19.684109283370613,S5,UNK,V3,1,0.56596124
428,000001.SZ,20.073690612937323,19.78663068588817,20.41201124124526,19.65335286261535,S5,UNK,V1,0,0.5674653
429,000001.SZ,19.69436142362237,20.08394275318908,20.42226338149701,19.3662929355662,S4,T2,V3,1,0.56884426
430,000001.SZ,20.15570773495137,19.479066478335504,20.40175910099349,19.479066478335504,S5,UNK,V3,1,0.5700174
431,000001.SZ,19.77637854563641,19.940412789664503,20.04293419218206,19.58158788085306,S4,T2,V3,1,0.57093906
432,000001.SZ,20.06343847268557,19.63284858211184,20.176212015454883,19.63284858211184,S5,UNK,V4,1,0.57057047
433,000001.SZ,19.725117844377635,20.24797699721717,20.27873341797244,19.67385714311886,S4,T2,V4,1,0.569385
434,000001.SZ,20.50428050351106,20.012177771426792,20.56579334502159,19.7353699846294,S5,UNK,V3,0,0.5674819
435,000001.SZ,20.54528906451808,20.668314747539146,21.109156778364632,20.29923769847595,S5,UNK,V3,0,0.5654334
436,000001.SZ,20.627306186532124,20.20696843621015,20.709323308546168,19.99167349092328,S5,UNK,V1,0,0.56330454
437,000001.SZ,20.555541204769835,20.56579334502159,20.965626814840054,20.36075053998648,S1,T1,V3,0,0.5611669
438,000001.SZ,20.42226338149701,20.50428050351106,20.678566887790904,20.08394275318908,S2,T1,V1,0,0.55910516
439,000001.SZ,20.2172205764619,20.29923769847595,20.442767662000527,19.858395667650463,S2,T1,V2,0,0.55527246
440,000001.SZ,19.99167349092328,20.124951314196103,20.23772485696541,19.807134966391683,S2,T1,V2,0,0.5534858
441,000001.SZ,19.87889994815397,19.81738710664344,20.227472716713656,19.489318618587266,S5,T2,V2,0,0.5558177
442,000001.SZ,18.63839097769155,19.858395667650463,19.981421350671525,18.443600312908195,S5,UNK,V4,0,0.55952716
443,000001.SZ,18.48460887391522,18.55637385567751,18.699903819202085,18.30007034938362,S5,UNK,V3,0,0.56175524
444,000001.SZ,18.320574629887133,18.535869575174,18.55637385567751,18.248809648124844,S5,UNK,V4,1,0.5638294
445,000001.SZ,18.08477540409676,18.30007034938362,18.45385245315996,18.013010422334464,S5,UNK,V3,1,0.5658703
446,000001.SZ,17.85922831855813,18.064271123593244,18.259061788376595,17.797715477047596,S5,UNK,V3,1,0.5677515
447,000001.SZ,17.972001861327442,17.920741160068665,18.095027544348508,17.695194074530043,S5,UNK,V4,1,0.5684477
448,000001.SZ,17.838724038054618,17.900236879565153,17.910489019816907,17.592672672012487,S5,UNK,V4,1,0.5684593
449,000001.SZ,18.8126773619714,17.78746333679584,18.89469448398544,17.756706916040574,S3,T3,V3,0,0.5684593
450,000001.SZ,18.730660239957352,18.77166880096437,19.09973728902055,18.56662599592926,S4,T2,V3,0,0.5684593
451,000001.SZ,18.89469448398544,18.8126773619714,19.09973728902055,18.658895258195063,S4,T2,V4,0,0.5684593
452,000001.SZ,18.67939953869857,18.822929502223147,19.00746802675475,18.6281388374398,S4,T2,V3,0,0.5684593
453,000001.SZ,18.56662599592926,18.607634556936283,18.761416660712616,18.43334817265644,S5,UNK,V3,0,0.5684593
454,000001.SZ,18.248809648124844,18.546121715425752,18.57687813618102,18.17704466636255,S5,UNK,V4,0,0.5684593
455,000001.SZ,18.607634556936283,18.248809648124844,18.699903819202085,18.146288245607284,S4,T2,V3,0,0.56948036
456,000001.SZ,18.57687813618102,18.48460887391522,18.71015595945384,18.3513310506424,S5,T2,V2,0,0.571374
457,000001.SZ,18.330826770138884,18.56662599592926,18.8126773619714,18.12578396510377,S5,UNK,V1,0,0.5731279
458,000001.SZ,18.320574629887133,18.218053227369573,18.402591751901173,18.105279684600266,S5,UNK,V3,0,0.5744021
459,000001.SZ,18.12578396510377,18.187296806614302,18.23855750787309,18.074523263844995,S5,UNK,V1,0,0.5756508
460,000001.SZ,18.02326256258622,18.064271123593244,18.11553182485202,17.961749721075684,S5,UNK,V3,1,0.5768726
461,000001.SZ,17.951497580823933,17.848976178306376,18.013010422334464,17.797715477047596,S5,UNK,V4,1,0.57805324
462,000001.SZ,17.879732599061644,17.982254001579197,18.12578396510377,17.78746333679584,S5,UNK,V1,1,0.57926655
463,000001.SZ,18.08477540409676,17.869480458809885,18.218053227369573,17.807967617299354,S5,UNK,V3,1,0.58047044
464,000001.SZ,18.033514702837973,18.064271123593244,18.259061788376595,17.807967617299354,S5,UNK,V3,1,0.58164287
465,000001.SZ,18.095027544348508,18.08477540409676,18.146288245607284,17.848976178306376,S5,UNK,V1,1,0.5810851
466,000001.SZ,18.55637385567751,18.30007034938362,19.027972307258256,18.248809648124844,S4,T2,V3,1,0.5802556
467,000001.SZ,18.925450904740707,18.761416660712616,19.14074585002757,18.607634556936283,S5,UNK,V3,0,0.580052
468,000001.SZ,18.93570304499245,18.915198764488952,19.017720167006505,18.61788669718804,S5,UNK,V4,0,0.5800214
469,000001.SZ,19.171502270782835,18.95620732549597,19.540579319846035,18.83318164247491,S5,UNK,V1,0,0.5799788
470,000001.SZ,18.84343378272666,18.976711605999487,19.171502270782835,18.730660239957352,S4,T2,V3,0,0.5792999
471,000001.SZ,18.730660239957352,18.93570304499245,19.35604079531444,18.63839097769155,S4,T2,V3,0,0.5795641
472,000001.SZ,18.02326256258622,18.61788669718804,18.6281388374398,17.961749721075684,S5,UNK,V4,1,0.5795697
473,000001.SZ,17.992506141830955,17.951497580823933,18.105279684600266,17.838724038054618,S5,UNK,V3,0,0.5795697
474,000001.SZ,18.1667925261108,17.992506141830955,18.17704466636255,17.900236879565153,S5,UNK,V1,0,0.5795697
475,000001.SZ,18.013010422334464,18.146288245607284,18.197548946866064,18.013010422334464,S5,UNK,V3,0,0.5795697
476,000001.SZ,17.961749721075684,18.002758282082706,18.095027544348508,17.889984739313395,S5,UNK,V4,0,0.5795697
477,000001.SZ,18.033514702837973,17.930993300320416,18.15654038585904,17.920741160068665,S5,UNK,V1,0,0.5795697
478,000001.SZ,17.828471897802864,18.064271123593244,18.08477540409676,17.736202635537065,S5,UNK,V3,0,0.5795697
479,000001.SZ,17.756706916040574,17.838724038054618,17.869480458809885,17.643933373271263,S5,UNK,V3,0,0.5795697
480,000001.SZ,17.74645477578882,17.76695905629233,17.78746333679584,17.643933373271263,S5,UNK,V4,0,0.5795697
