trade_date,ts_code,open,high,low,close,vol
2022-10-10,001330.SZ,9.41,9.55,8.77,8.84,381581.44
2022-10-11,001330.SZ,8.85,9.0,8.6,8.67,212808.78
2022-10-12,001330.SZ,8.61,8.96,8.53,8.92,271698.87
2022-10-13,001330.SZ,8.82,9.02,8.8,8.85,199017.48
2022-10-14,001330.SZ,8.85,9.06,8.84,8.99,231263.67
2022-10-17,001330.SZ,8.91,9.1,8.89,9.07,194537.84
2022-10-18,001330.SZ,9.08,9.28,9.03,9.07,250209.29
2022-10-19,001330.SZ,9.01,9.25,8.92,8.98,236468.66
2022-10-20,001330.SZ,8.89,9.41,8.8,9.15,288881.82
2022-10-21,001330.SZ,9.1,9.13,8.78,8.82,208121.27
2022-10-24,001330.SZ,8.85,8.93,8.5,8.56,180832.6
2022-10-25,001330.SZ,8.51,8.58,8.32,8.52,141681.41
2022-10-26,001330.SZ,8.55,9.06,8.5,8.85,219212.26
2022-10-27,001330.SZ,8.84,9.17,8.76,8.93,202303.23
2022-10-28,001330.SZ,8.9,8.9,8.53,8.6,142084.92
2022-10-31,001330.SZ,8.36,8.72,8.33,8.5,112964.85
2022-11-01,001330.SZ,8.53,9.35,8.45,9.35,425165.09
2022-11-02,001330.SZ,9.35,10.25,9.21,9.64,733004.13
2022-11-03,001330.SZ,9.45,9.83,9.41,9.69,331350.32
2022-11-04,001330.SZ,9.65,10.45,9.65,10.1,440309.22
2022-11-07,001330.SZ,9.94,10.29,9.88,10.16,313151.76
2022-11-08,001330.SZ,10.2,10.45,9.96,10.17,263035.01
2022-11-09,001330.SZ,10.08,10.66,10.03,10.39,363245.32
2022-11-10,001330.SZ,10.27,10.66,10.26,10.49,224728.43
2022-11-11,001330.SZ,10.69,11.25,10.49,10.98,538293.96
2022-11-14,001330.SZ,10.78,11.18,10.54,10.63,367773.31
2022-11-15,001330.SZ,10.63,11.05,10.53,10.9,250669.33
2022-11-16,001330.SZ,10.92,11.25,10.82,10.9,227384.01
2022-11-17,001330.SZ,10.73,11.57,10.63,11.5,389789.22
2022-11-18,001330.SZ,11.4,11.44,10.86,10.92,311841.08
2022-11-21,001330.SZ,10.64,10.65,10.22,10.37,255469.24
2022-11-22,001330.SZ,10.45,10.46,10.08,10.17,153758.83
2022-11-23,001330.SZ,10.16,10.58,10.07,10.16,232698.93
2022-11-24,001330.SZ,10.16,10.29,9.92,9.96,164320.86
2022-11-25,001330.SZ,9.99,10.06,9.83,9.89,125394.18
2022-11-28,001330.SZ,9.7,10.48,9.5,10.34,266710.64
2022-11-29,001330.SZ,10.29,10.94,10.21,10.77,339980.11
2022-11-30,001330.SZ,10.62,10.73,10.35,10.52,224149.29
2022-12-01,001330.SZ,10.93,11.08,10.41,10.7,450140.71
2022-12-02,001330.SZ,10.59,11.0,10.56,10.75,303023.22
2022-12-05,001330.SZ,11.0,11.3,10.8,10.94,467837.96
2022-12-06,001330.SZ,10.96,11.89,10.91,11.26,627473.8
2022-12-07,001330.SZ,11.23,12.39,11.08,11.95,949753.94
2022-12-08,001330.SZ,11.9,12.55,11.78,12.5,828566.92
2022-12-09,001330.SZ,12.49,12.5,11.85,12.1,536409.53
2022-12-12,001330.SZ,11.82,12.05,11.63,11.65,419933.3
2022-12-13,001330.SZ,11.69,12.33,11.6,11.89,575696.29
2022-12-14,001330.SZ,11.61,12.29,11.6,12.09,426970.05
2022-12-15,001330.SZ,11.99,11.99,11.27,11.38,431969.88
2022-12-16,001330.SZ,11.31,11.58,11.15,11.45,232640.81
2022-12-19,001330.SZ,11.09,11.14,10.58,10.65,323038.03
2022-12-20,001330.SZ,10.68,10.74,10.29,10.38,183935.64
2022-12-21,001330.SZ,10.43,11.42,10.37,11.42,410349.71
2022-12-22,001330.SZ,11.5,11.76,11.16,11.37,400777.34
2022-12-23,001330.SZ,11.22,11.63,11.1,11.21,283792.89
2022-12-26,001330.SZ,11.33,11.72,11.18,11.52,307452.17
2022-12-27,001330.SZ,11.6,12.09,11.12,11.95,444873.77
2022-12-28,001330.SZ,11.73,12.15,11.6,11.85,332154.15
2022-12-29,001330.SZ,11.7,11.86,11.46,11.49,228344.3
2022-12-30,001330.SZ,11.55,12.2,11.41,11.98,353214.85
2023-01-03,001330.SZ,12.23,12.37,11.91,12.06,448480.03
2023-01-04,001330.SZ,11.99,12.2,11.77,12.09,316520.14
2023-01-05,001330.SZ,11.97,12.06,11.65,11.99,320314.44
2023-01-06,001330.SZ,11.88,11.88,11.15,11.15,409479.07
2023-01-09,001330.SZ,11.25,12.27,11.2,12.27,568195.26
2023-01-10,001330.SZ,12.58,12.73,12.13,12.35,558333.46
2023-01-11,001330.SZ,12.4,12.44,11.98,12.07,311498.16
2023-01-12,001330.SZ,12.06,12.08,11.61,11.84,289225.92
2023-01-13,001330.SZ,11.87,12.07,11.56,11.95,346221.31
2023-01-16,001330.SZ,12.25,12.34,11.85,12.2,375126.95
2023-01-17,001330.SZ,12.22,12.32,11.76,12.08,325887.41
2023-01-18,001330.SZ,12.08,12.67,12.06,12.38,434130.81
2023-01-19,001330.SZ,12.17,12.56,11.98,12.38,357000.12
2023-01-20,001330.SZ,12.37,12.48,12.15,12.41,339496.6
2023-01-30,001330.SZ,12.01,12.01,11.33,11.52,536073.05
2023-01-31,001330.SZ,11.34,11.48,11.21,11.4,240930.78
2023-02-01,001330.SZ,11.39,11.44,11.23,11.44,198374.85
2023-02-02,001330.SZ,11.4,11.4,11.15,11.15,250802.09
2023-02-03,001330.SZ,11.1,11.1,10.9,10.95,184626.03
2023-02-06,001330.SZ,10.96,11.11,10.83,11.04,118304.74
2023-02-07,001330.SZ,11.07,11.07,10.67,10.69,229306.02
2023-02-08,001330.SZ,10.66,10.74,10.31,10.44,284284.6
2023-02-09,001330.SZ,10.36,10.5,10.33,10.49,131711.86
2023-02-10,001330.SZ,10.49,10.58,10.45,10.53,126139.24
2023-02-13,001330.SZ,10.55,10.68,10.52,10.67,135110.88
2023-02-14,001330.SZ,10.69,10.7,10.45,10.53,112544.16
2023-02-15,001330.SZ,10.53,10.57,10.38,10.42,116009.82
2023-02-16,001330.SZ,10.43,10.55,10.15,10.2,158508.27
2023-02-17,001330.SZ,10.18,10.29,10.04,10.05,150589.24
2023-02-20,001330.SZ,10.01,10.12,10.0,10.12,97783.73
2023-02-21,001330.SZ,10.11,10.15,10.0,10.11,92036.53
2023-02-22,001330.SZ,10.05,10.29,10.02,10.26,126959.2
2023-02-23,001330.SZ,10.21,10.28,10.1,10.12,84303.31
2023-02-24,001330.SZ,10.11,10.16,10.04,10.12,60677.9
2023-02-27,001330.SZ,10.11,10.12,9.99,10.01,76024.74
2023-02-28,001330.SZ,10.05,10.12,10.0,10.09,62208.26
2023-03-01,001330.SZ,10.09,10.21,10.08,10.19,85269.13
2023-03-02,001330.SZ,10.2,10.3,10.13,10.27,113593.1
2023-03-03,001330.SZ,10.28,10.38,10.23,10.35,109777.43
2023-03-06,001330.SZ,10.36,10.44,10.3,10.3,98918.9
2023-03-07,001330.SZ,10.3,10.3,10.05,10.05,91902.0
2023-03-08,001330.SZ,10.01,10.43,10.0,10.31,136155.26
2023-03-09,001330.SZ,10.28,10.53,10.18,10.29,143067.82
2023-03-10,001330.SZ,10.15,10.45,10.12,10.16,131573.46
2023-03-13,001330.SZ,10.03,10.16,9.68,9.95,172671.08
2023-03-14,001330.SZ,9.95,10.03,9.66,9.68,129031.52
2023-03-15,001330.SZ,9.74,10.0,9.74,9.86,110638.85
2023-03-16,001330.SZ,9.8,9.8,9.56,9.59,105097.74
2023-03-17,001330.SZ,9.72,9.86,9.67,9.78,104617.92
2023-03-20,001330.SZ,9.91,10.38,9.9,10.19,260063.67
2023-03-21,001330.SZ,10.1,10.39,10.08,10.35,189797.63
2023-03-22,001330.SZ,10.5,10.59,10.36,10.54,248804.39
2023-03-23,001330.SZ,10.43,10.62,10.39,10.46,162417.85
2023-03-24,001330.SZ,10.44,10.65,10.4,10.49,158820.58
2023-03-27,001330.SZ,10.42,10.53,10.3,10.41,150176.14
2023-03-28,001330.SZ,10.35,10.41,10.17,10.18,102238.21
2023-03-29,001330.SZ,10.21,10.33,10.05,10.15,92930.25
2023-03-30,001330.SZ,10.16,10.16,9.93,9.99,101131.64
2023-03-31,001330.SZ,10.05,10.61,9.98,10.58,314325.51
2023-04-03,001330.SZ,10.46,10.7,10.43,10.66,185528.27
2023-04-04,001330.SZ,10.61,10.8,10.25,10.35,211323.0
2023-04-06,001330.SZ,10.31,10.32,9.97,10.03,208629.27
2023-04-07,001330.SZ,10.03,10.6,9.99,10.38,225419.86
2023-04-10,001330.SZ,10.36,10.64,10.31,10.38,189182.89
2023-04-11,001330.SZ,10.32,11.26,10.32,10.99,553540.47
2023-04-12,001330.SZ,10.8,11.9,10.78,11.77,733314.69
2023-04-13,001330.SZ,11.98,12.53,11.79,11.84,870351.88
2023-04-14,001330.SZ,12.03,12.48,11.47,11.9,568522.91
2023-04-17,001330.SZ,11.57,11.63,11.23,11.29,365308.67
2023-04-18,001330.SZ,11.33,11.36,10.95,11.16,236222.64
2023-04-19,001330.SZ,11.16,11.91,11.16,11.49,337386.75
2023-04-20,001330.SZ,11.4,11.62,11.01,11.55,295423.13
2023-04-21,001330.SZ,11.45,11.46,10.67,10.7,313474.79
2023-04-24,001330.SZ,10.69,11.09,10.69,10.85,231658.93
2023-04-25,001330.SZ,10.85,10.95,10.2,10.53,252344.63
2023-04-26,001330.SZ,10.4,10.62,10.13,10.36,187283.64
2023-04-27,001330.SZ,10.35,10.49,9.99,10.06,223117.77
2023-04-28,001330.SZ,10.06,11.07,10.02,10.96,369878.29
2023-05-04,001330.SZ,10.5,10.74,9.95,10.55,512100.18
2023-05-05,001330.SZ,10.38,10.41,10.04,10.2,263344.63
2023-05-08,001330.SZ,10.07,10.23,9.72,9.96,240178.89
2023-05-09,001330.SZ,9.92,10.14,9.62,9.64,329452.97
2023-05-10,001330.SZ,9.59,9.78,9.33,9.44,221799.56
2023-05-11,001330.SZ,9.48,10.38,9.48,10.38,413078.61
2023-05-12,001330.SZ,10.35,10.38,9.75,9.78,359153.85
2023-05-15,001330.SZ,9.86,9.9,9.23,9.46,270373.4
2023-05-16,001330.SZ,9.44,9.49,9.25,9.26,152078.2
2023-05-17,001330.SZ,9.21,9.31,9.12,9.3,143020.96
2023-05-18,001330.SZ,9.26,9.32,9.16,9.27,100248.79
2023-05-19,001330.SZ,9.21,9.27,9.09,9.19,106427.06
2023-05-22,001330.SZ,9.21,9.27,9.16,9.23,79059.88
2023-05-23,001330.SZ,9.25,9.26,9.15,9.16,69196.79
2023-05-24,001330.SZ,9.24,9.28,9.13,9.18,91373.63
2023-05-25,001330.SZ,9.15,9.19,8.6,8.9,186583.19
2023-05-26,001330.SZ,8.94,9.08,8.79,9.01,94099.99
2023-05-29,001330.SZ,9.0,9.04,8.9,8.92,72248.53
2023-05-30,001330.SZ,8.93,9.06,8.78,9.06,88251.97
2023-05-31,001330.SZ,9.01,9.13,8.96,9.04,71412.1
2023-06-01,001330.SZ,9.05,9.36,9.0,9.31,179184.7
2023-06-02,001330.SZ,9.25,9.51,9.17,9.35,165372.0
2023-06-05,001330.SZ,9.28,9.67,9.28,9.58,227028.12
2023-06-06,001330.SZ,9.57,9.7,9.21,9.26,187455.2
2023-06-07,001330.SZ,9.26,9.69,9.13,9.66,266935.77
2023-06-08,001330.SZ,9.65,9.65,9.22,9.3,181997.14
2023-06-09,001330.SZ,9.26,9.44,9.12,9.34,135340.9
2023-06-12,001330.SZ,9.5,10.25,9.5,9.99,448304.23
2023-06-13,001330.SZ,10.01,10.06,9.88,10.0,211340.1
2023-06-14,001330.SZ,10.01,10.19,9.78,9.88,188403.84
2023-06-15,001330.SZ,9.87,9.94,9.75,9.79,106664.37
2023-06-16,001330.SZ,9.77,9.89,9.66,9.82,100615.79
2023-06-19,001330.SZ,9.83,9.84,9.66,9.71,106464.63
2023-06-20,001330.SZ,9.7,9.89,9.63,9.65,94965.0
2023-06-21,001330.SZ,9.62,9.75,9.25,9.28,144463.63
2023-06-26,001330.SZ,9.28,9.34,9.02,9.04,83804.28
2023-06-27,001330.SZ,9.08,9.45,9.04,9.3,106684.02
2023-06-28,001330.SZ,9.3,9.3,8.96,9.11,97304.98
2023-06-29,001330.SZ,9.08,9.14,9.03,9.09,66132.0
2023-06-30,001330.SZ,9.14,9.38,9.05,9.28,80355.2
2023-07-03,001330.SZ,9.33,9.38,9.2,9.32,68217.0
2023-07-04,001330.SZ,9.26,9.47,9.25,9.31,66336.45
2023-07-05,001330.SZ,9.28,9.28,9.1,9.12,71465.65
2023-07-06,001330.SZ,9.13,9.21,9.08,9.12,48682.96
2023-07-07,001330.SZ,9.11,9.13,8.96,9.08,82624.4
2023-07-10,001330.SZ,9.11,9.41,9.09,9.3,139175.83
2023-07-11,001330.SZ,9.28,9.28,9.13,9.23,74559.97
2023-07-12,001330.SZ,9.22,9.32,9.08,9.12,70757.0
2023-07-13,001330.SZ,9.15,9.34,9.09,9.28,109707.3
2023-07-14,001330.SZ,9.25,9.31,9.18,9.2,63962.78
2023-07-17,001330.SZ,9.01,9.35,8.9,9.17,90463.41
2023-07-18,001330.SZ,9.14,9.14,9.04,9.06,48621.7
2023-07-19,001330.SZ,9.06,9.13,9.04,9.07,31138.64
2023-07-20,001330.SZ,9.1,9.28,9.04,9.08,81189.28
2023-07-21,001330.SZ,9.04,9.15,8.98,9.06,62921.74
2023-07-24,001330.SZ,9.04,9.18,8.95,9.05,51587.92
2023-07-25,001330.SZ,9.08,9.16,9.06,9.1,89767.01
2023-07-26,001330.SZ,9.09,9.18,9.02,9.06,72762.93
2023-07-27,001330.SZ,9.03,9.06,8.97,8.99,64434.64
2023-07-28,001330.SZ,9.0,9.01,8.92,9.0,54857.32
2023-07-31,001330.SZ,9.02,9.2,9.01,9.12,145041.92
2023-08-01,001330.SZ,9.1,9.1,8.98,9.0,87892.9
2023-08-02,001330.SZ,9.0,9.03,8.94,8.97,56656.57
2023-08-03,001330.SZ,8.98,8.99,8.92,8.96,52960.63
2023-08-04,001330.SZ,8.97,9.0,8.91,8.93,71822.13
2023-08-07,001330.SZ,8.95,9.11,8.92,9.03,147965.83
2023-08-08,001330.SZ,8.99,9.38,8.94,9.21,225260.64
2023-08-09,001330.SZ,9.06,9.24,8.96,9.01,153860.35
2023-08-10,001330.SZ,8.97,9.01,8.93,8.96,69694.29
2023-08-11,001330.SZ,8.97,9.01,8.83,8.85,76113.0
2023-08-14,001330.SZ,8.74,8.77,8.61,8.75,68377.92
2023-08-15,001330.SZ,8.68,8.77,8.39,8.44,110614.0
2023-08-16,001330.SZ,8.45,8.5,8.27,8.3,75650.0
2023-08-17,001330.SZ,8.27,8.35,8.14,8.33,68361.95
2023-08-18,001330.SZ,8.33,8.5,8.28,8.29,57473.79
2023-08-21,001330.SZ,8.29,8.42,8.27,8.33,40598.0
2023-08-22,001330.SZ,8.35,8.41,8.1,8.32,64930.54
2023-08-23,001330.SZ,8.32,8.33,8.13,8.13,34945.0
2023-08-24,001330.SZ,8.16,8.34,8.13,8.25,84838.93
2023-08-25,001330.SZ,8.2,8.2,7.9,7.92,111226.37
2023-08-28,001330.SZ,8.27,8.3,7.97,8.01,88542.46
2023-08-29,001330.SZ,8.02,8.24,7.96,8.21,93958.0
2023-08-30,001330.SZ,8.2,8.24,8.07,8.18,73352.47
2023-08-31,001330.SZ,8.2,8.24,8.07,8.1,53288.0
2023-09-01,001330.SZ,8.12,8.16,8.05,8.1,37299.63
2023-09-04,001330.SZ,8.14,8.25,8.09,8.24,94357.58
2023-09-05,001330.SZ,8.23,8.23,8.1,8.12,50023.13
2023-09-06,001330.SZ,8.1,8.15,8.04,8.13,43008.08
2023-09-07,001330.SZ,8.12,8.17,7.98,8.03,58754.21
2023-09-08,001330.SZ,8.03,8.03,7.92,8.0,32861.72
2023-09-11,001330.SZ,8.01,8.14,7.99,8.09,40703.62
2023-09-12,001330.SZ,8.09,8.15,8.03,8.06,30039.64
2023-09-13,001330.SZ,8.05,8.08,7.93,7.97,41819.64
2023-09-14,001330.SZ,7.97,7.99,7.81,7.85,55752.0
2023-09-15,001330.SZ,7.88,7.95,7.83,7.9,34328.0
2023-09-18,001330.SZ,7.89,8.08,7.81,8.06,66316.38
2023-09-19,001330.SZ,8.06,8.11,7.91,7.92,37247.0
2023-09-20,001330.SZ,7.89,7.93,7.85,7.87,25948.81
2023-09-21,001330.SZ,7.85,7.87,7.71,7.71,44572.0
2023-09-22,001330.SZ,7.7,7.95,7.66,7.93,57405.28
2023-09-25,001330.SZ,7.88,7.91,7.7,7.75,60322.0
2023-09-26,001330.SZ,7.72,7.73,7.25,7.42,134031.59
2023-09-27,001330.SZ,7.38,7.5,7.35,7.49,86815.7
2023-09-28,001330.SZ,7.51,7.59,7.46,7.57,69508.25
2023-10-09,001330.SZ,7.43,7.51,7.11,7.16,125041.76
2023-10-10,001330.SZ,7.19,7.24,7.13,7.15,57453.0
2023-10-11,001330.SZ,7.16,7.29,7.12,7.18,66982.16
2023-10-12,001330.SZ,7.18,7.23,7.14,7.17,51568.72
2023-10-13,001330.SZ,7.14,7.18,7.08,7.12,58939.07
2023-10-16,001330.SZ,7.11,7.12,7.0,7.01,62057.24
2023-10-17,001330.SZ,7.0,7.07,6.97,6.99,47841.0
2023-10-18,001330.SZ,6.97,6.99,6.85,6.85,54804.0
2023-10-19,001330.SZ,6.84,6.96,6.81,6.82,61423.0
2023-10-20,001330.SZ,6.8,6.88,6.79,6.8,36726.0
2023-10-23,001330.SZ,6.79,6.79,6.6,6.64,51363.0
2023-10-24,001330.SZ,6.68,6.82,6.66,6.77,52415.64
2023-10-25,001330.SZ,6.79,6.87,6.79,6.82,34820.25
2023-10-26,001330.SZ,6.77,6.81,6.74,6.79,38305.0
2023-10-27,001330.SZ,6.77,6.92,6.71,6.89,62016.99
2023-10-30,001330.SZ,6.89,7.1,6.87,7.06,116090.7
2023-10-31,001330.SZ,7.04,7.22,7.03,7.13,103743.7
2023-11-01,001330.SZ,7.17,7.31,7.12,7.23,87278.0
2023-11-02,001330.SZ,7.17,7.35,7.16,7.23,92542.0
2023-11-03,001330.SZ,7.22,7.31,7.15,7.24,82211.59
2023-11-06,001330.SZ,7.3,7.51,7.25,7.49,119718.87
2023-11-07,001330.SZ,7.49,7.5,7.35,7.44,76642.0
2023-11-08,001330.SZ,7.4,7.62,7.4,7.55,107166.64
2023-11-09,001330.SZ,7.49,7.54,7.33,7.36,87210.95
2023-11-10,001330.SZ,7.36,7.42,7.24,7.27,67465.0
2023-11-13,001330.SZ,7.36,7.41,7.31,7.37,62209.99
2023-11-14,001330.SZ,7.38,7.4,7.3,7.35,43175.0
2023-11-15,001330.SZ,7.39,7.42,7.32,7.35,39584.87
2023-11-16,001330.SZ,7.32,7.5,7.27,7.43,72188.26
2023-11-17,001330.SZ,7.49,7.66,7.4,7.6,124175.85
2023-11-20,001330.SZ,7.62,7.74,7.54,7.66,97560.31
2023-11-21,001330.SZ,7.65,7.8,7.65,7.69,68071.0
2023-11-22,001330.SZ,7.67,7.88,7.63,7.8,111491.06
2023-11-23,001330.SZ,7.77,7.8,7.62,7.69,68881.0
2023-11-24,001330.SZ,7.75,7.83,7.65,7.69,69474.0
2023-11-27,001330.SZ,7.6,7.65,7.47,7.54,72304.62
2023-11-28,001330.SZ,7.53,7.58,7.46,7.56,45260.21
2023-11-29,001330.SZ,7.55,7.59,7.45,7.47,39442.64
2023-11-30,001330.SZ,7.47,7.55,7.42,7.46,48826.82
2023-12-01,001330.SZ,7.46,7.67,7.42,7.65,90798.98
2023-12-04,001330.SZ,7.68,7.82,7.62,7.71,67893.0
2023-12-05,001330.SZ,7.66,7.74,7.56,7.58,63673.0
2023-12-06,001330.SZ,7.58,7.95,7.46,7.79,131125.55
2023-12-07,001330.SZ,7.83,7.98,7.8,7.94,142584.0
2023-12-08,001330.SZ,7.88,7.94,7.76,7.77,92027.0
2023-12-11,001330.SZ,7.77,8.15,7.72,8.09,171503.0
2023-12-12,001330.SZ,8.07,8.27,8.05,8.17,123734.0
2023-12-13,001330.SZ,8.15,8.24,8.09,8.1,70706.0
2023-12-14,001330.SZ,8.13,8.18,7.99,8.0,85229.17
2023-12-15,001330.SZ,8.02,8.12,7.9,8.03,67218.0
2023-12-18,001330.SZ,8.02,8.1,7.73,7.79,105480.87
2023-12-19,001330.SZ,7.87,7.87,7.69,7.77,81215.0
2023-12-20,001330.SZ,7.78,7.83,7.55,7.56,63386.62
2023-12-21,001330.SZ,7.54,7.63,7.45,7.5,57000.0
2023-12-22,001330.SZ,7.55,7.56,7.11,7.16,129730.81
2023-12-25,001330.SZ,7.18,7.24,7.06,7.1,64347.25
2023-12-26,001330.SZ,7.1,7.14,6.94,6.95,47873.0
2023-12-27,001330.SZ,6.96,7.01,6.79,6.88,68814.27
2023-12-28,001330.SZ,6.88,7.11,6.81,7.07,71936.83
2023-12-29,001330.SZ,7.08,7.3,7.04,7.2,56706.71
2024-01-02,001330.SZ,7.2,7.31,7.13,7.21,70181.0
2024-01-03,001330.SZ,7.21,7.32,7.17,7.29,62605.0
2024-01-04,001330.SZ,7.32,7.32,7.2,7.3,52938.46
2024-01-05,001330.SZ,7.28,7.34,7.22,7.23,51400.87
2024-01-08,001330.SZ,7.23,7.32,7.18,7.18,65403.72
2024-01-09,001330.SZ,7.2,7.24,7.06,7.12,47873.0
2024-01-10,001330.SZ,7.12,7.14,6.94,7.05,58904.0
2024-01-11,001330.SZ,7.08,7.25,7.04,7.23,62493.57
2024-01-12,001330.SZ,7.22,7.35,7.14,7.17,66787.79
2024-01-15,001330.SZ,7.15,7.3,7.1,7.17,60826.0
2024-01-16,001330.SZ,7.18,7.18,7.02,7.07,56965.63
2024-01-17,001330.SZ,7.05,7.08,6.88,6.88,53638.0
2024-01-18,001330.SZ,6.88,6.93,6.61,6.78,90241.74
2024-01-19,001330.SZ,6.82,6.91,6.75,6.8,55120.0
2024-01-22,001330.SZ,6.8,6.82,6.16,6.27,94437.28
2024-01-23,001330.SZ,6.27,6.31,6.13,6.24,82301.0
2024-01-24,001330.SZ,6.28,6.45,6.18,6.45,82675.54
2024-01-25,001330.SZ,6.4,6.72,6.33,6.71,76272.39
2024-01-26,001330.SZ,6.72,6.9,6.69,6.81,70739.0
2024-01-29,001330.SZ,6.81,6.82,6.62,6.64,63107.31
2024-01-30,001330.SZ,6.58,6.6,6.38,6.41,70123.0
2024-01-31,001330.SZ,6.28,6.44,6.09,6.1,101486.0
2024-02-01,001330.SZ,6.1,6.23,5.9,5.99,117871.71
2024-02-02,001330.SZ,5.99,6.23,5.48,5.67,137562.0
2024-02-05,001330.SZ,5.67,5.67,5.1,5.1,161827.0
2024-02-06,001330.SZ,4.95,5.24,4.63,5.02,202719.29
2024-02-07,001330.SZ,5.05,5.22,4.86,5.05,199531.14
2024-02-08,001330.SZ,5.06,5.4,4.8,5.39,242257.54
2024-02-19,001330.SZ,5.5,5.63,5.38,5.56,190932.08
2024-02-20,001330.SZ,5.5,5.59,5.43,5.51,102851.7
2024-02-21,001330.SZ,5.46,5.75,5.41,5.59,127982.89
2024-02-22,001330.SZ,5.56,5.69,5.5,5.66,85340.0
2024-02-23,001330.SZ,5.69,5.89,5.63,5.88,102313.74
2024-02-26,001330.SZ,5.87,6.02,5.82,5.93,89154.72
2024-02-27,001330.SZ,5.9,6.09,5.86,6.09,67569.18
2024-02-28,001330.SZ,6.16,6.28,5.7,5.7,137371.74
2024-02-29,001330.SZ,5.63,5.89,5.61,5.87,87660.04
2024-03-01,001330.SZ,5.86,5.91,5.76,5.9,93879.06
2024-03-04,001330.SZ,5.89,6.04,5.79,6.03,105625.98
2024-03-05,001330.SZ,6.0,6.11,5.92,5.94,78544.12
2024-03-06,001330.SZ,5.9,5.94,5.73,5.81,75794.0
2024-03-07,001330.SZ,5.82,5.85,5.68,5.69,56008.0
2024-03-08,001330.SZ,5.7,5.74,5.58,5.69,45833.07
2024-03-11,001330.SZ,5.67,5.76,5.62,5.75,52866.86
2024-03-12,001330.SZ,5.76,5.82,5.71,5.82,73080.0
2024-03-13,001330.SZ,5.82,5.99,5.78,5.92,96943.0
2024-03-14,001330.SZ,5.9,5.93,5.72,5.8,76981.12
2024-03-15,001330.SZ,5.77,5.82,5.74,5.82,52788.9
2024-03-18,001330.SZ,5.83,5.99,5.83,5.98,90718.44
2024-03-19,001330.SZ,5.98,6.45,5.97,6.26,210538.44
2024-03-20,001330.SZ,6.26,6.78,6.22,6.62,383264.69
2024-03-21,001330.SZ,6.69,7.1,6.69,6.85,295589.44
2024-03-22,001330.SZ,6.84,7.39,6.74,7.32,460872.97
2024-03-25,001330.SZ,7.45,7.45,6.93,6.97,298361.0
2024-03-26,001330.SZ,6.94,7.01,6.56,6.66,192755.2
2024-03-27,001330.SZ,6.65,6.72,6.33,6.41,155327.07
2024-03-28,001330.SZ,6.36,6.91,6.32,6.78,188540.64
2024-03-29,001330.SZ,6.73,6.79,6.51,6.73,116749.0
2024-04-01,001330.SZ,6.66,7.06,6.63,6.99,124328.12
2024-04-02,001330.SZ,7.05,7.05,6.69,6.76,118425.63
2024-04-03,001330.SZ,6.78,6.88,6.66,6.76,99594.0
2024-04-08,001330.SZ,6.73,6.74,6.51,6.51,52837.0
2024-04-09,001330.SZ,6.48,6.55,6.37,6.48,63515.9
2024-04-10,001330.SZ,6.45,6.49,6.21,6.29,51146.63
2024-04-11,001330.SZ,6.25,6.55,6.2,6.49,85769.96
2024-04-12,001330.SZ,6.44,6.5,6.2,6.21,82806.0
2024-04-15,001330.SZ,6.13,6.22,5.8,5.93,104220.72
2024-04-16,001330.SZ,5.86,5.88,5.39,5.39,108977.0
2024-04-17,001330.SZ,5.47,5.89,5.45,5.77,93918.24
2024-04-18,001330.SZ,5.77,5.79,5.61,5.67,61524.88
2024-04-19,001330.SZ,5.65,5.68,5.46,5.51,66794.0
2024-04-22,001330.SZ,5.5,5.7,5.37,5.59,64182.63
2024-04-23,001330.SZ,5.6,5.81,5.57,5.73,61380.44
2024-04-24,001330.SZ,5.72,5.92,5.63,5.79,85357.0
2024-04-25,001330.SZ,5.78,5.92,5.68,5.88,55812.39
2024-04-26,001330.SZ,5.88,6.47,5.87,6.47,214396.65
2024-04-29,001330.SZ,6.41,7.12,6.4,6.95,500477.75
2024-04-30,001330.SZ,6.91,7.47,6.8,7.21,497476.45
2024-05-06,001330.SZ,7.27,7.36,7.05,7.15,238325.56
2024-05-07,001330.SZ,7.18,7.64,7.13,7.2,243462.01
2024-05-08,001330.SZ,7.32,7.36,7.03,7.07,163834.72
2024-05-09,001330.SZ,7.13,7.26,7.06,7.22,126645.77
2024-05-10,001330.SZ,7.18,7.44,7.18,7.34,183706.0
2024-05-13,001330.SZ,7.24,7.31,6.83,7.0,177503.06
2024-05-14,001330.SZ,7.1,7.18,6.49,6.58,307025.0
2024-05-15,001330.SZ,6.54,6.58,6.4,6.45,116939.28
2024-05-16,001330.SZ,6.49,6.6,6.4,6.49,124064.78
2024-05-17,001330.SZ,6.52,6.8,6.4,6.52,183274.0
2024-05-20,001330.SZ,6.53,6.57,6.39,6.53,146307.0
2024-05-21,001330.SZ,6.46,6.6,6.32,6.38,129166.64
2024-05-22,001330.SZ,6.29,6.68,6.25,6.66,180819.74
2024-05-23,001330.SZ,6.64,6.65,6.37,6.37,118838.0
2024-05-24,001330.SZ,6.36,6.45,6.33,6.34,64161.48
2024-05-27,001330.SZ,6.35,6.39,6.1,6.24,115316.49
2024-05-28,001330.SZ,6.31,6.48,6.18,6.27,88829.0
2024-05-29,001330.SZ,6.25,6.35,6.16,6.22,57027.0
2024-05-30,001330.SZ,6.21,6.28,6.1,6.2,47628.0
2024-05-31,001330.SZ,6.21,6.34,6.2,6.29,78092.0
2024-06-03,001330.SZ,6.23,6.35,6.0,6.09,121571.64
2024-06-04,001330.SZ,6.06,6.08,5.93,6.02,81875.0
2024-06-05,001330.SZ,6.05,6.07,5.82,5.85,96834.0
2024-06-06,001330.SZ,5.84,5.89,5.53,5.69,195338.07
2024-06-07,001330.SZ,5.75,5.84,5.69,5.81,78437.87
2024-06-11,001330.SZ,5.81,5.95,5.66,5.89,115644.0
2024-06-12,001330.SZ,5.93,6.24,5.83,6.19,146554.66
2024-06-13,001330.SZ,6.2,6.27,6.08,6.15,96163.0
2024-06-14,001330.SZ,6.09,6.18,5.97,6.03,81811.0
2024-06-17,001330.SZ,6.18,6.26,5.89,5.9,169163.62
2024-06-18,001330.SZ,5.94,6.07,5.78,6.05,140011.89
2024-06-19,001330.SZ,6.05,6.17,6.0,6.06,87284.0
2024-06-20,001330.SZ,6.07,6.21,5.88,5.9,114470.83
2024-06-21,001330.SZ,5.9,5.92,5.67,5.72,111279.03
2024-06-24,001330.SZ,5.65,5.67,5.45,5.47,116052.0
2024-06-25,001330.SZ,5.5,5.54,5.25,5.33,108370.44
2024-06-26,001330.SZ,5.33,5.55,5.3,5.54,95870.0
2024-06-27,001330.SZ,5.52,5.63,5.45,5.45,78117.0
2024-06-28,001330.SZ,5.44,5.5,5.36,5.41,78029.0
2024-07-01,001330.SZ,5.37,5.49,5.27,5.48,76497.0
2024-07-02,001330.SZ,5.47,5.54,5.42,5.44,53622.0
2024-07-03,001330.SZ,5.44,5.51,5.39,5.44,46242.0
2024-07-04,001330.SZ,5.43,5.47,5.18,5.18,100817.0
2024-07-05,001330.SZ,5.18,5.34,5.11,5.31,79378.56
2024-07-08,001330.SZ,5.29,5.29,5.08,5.09,63500.0
2024-07-09,001330.SZ,5.09,5.16,4.98,5.14,64850.0
2024-07-10,001330.SZ,5.12,5.13,4.94,4.94,97781.0
2024-07-11,001330.SZ,5.0,5.06,4.73,4.75,245513.44
2024-07-12,001330.SZ,4.71,4.84,4.68,4.71,144643.52
2024-07-15,001330.SZ,4.71,4.82,4.65,4.75,141796.12
2024-07-16,001330.SZ,4.69,4.7,4.53,4.57,146298.05
2024-07-17,001330.SZ,4.57,4.63,4.53,4.56,75881.0
2024-07-18,001330.SZ,4.55,4.55,4.38,4.48,103011.78
2024-07-19,001330.SZ,4.44,4.52,4.41,4.46,87056.0
2024-07-22,001330.SZ,4.44,4.47,4.38,4.42,95364.0
2024-07-23,001330.SZ,4.42,4.46,4.35,4.35,77954.0
2024-07-24,001330.SZ,4.34,4.37,4.22,4.24,90184.08
2024-07-25,001330.SZ,4.2,4.32,4.14,4.28,71226.0
2024-07-26,001330.SZ,4.29,4.38,4.27,4.37,75252.0
2024-07-29,001330.SZ,4.36,4.37,4.27,4.31,64252.0
2024-07-30,001330.SZ,4.28,4.35,4.28,4.33,41852.0
2024-07-31,001330.SZ,4.35,4.51,4.33,4.5,90829.0
2024-08-01,001330.SZ,4.49,4.54,4.42,4.44,67346.0
2024-08-02,001330.SZ,4.44,4.51,4.39,4.4,66062.0
2024-08-05,001330.SZ,4.41,4.55,4.34,4.35,93597.0
2024-08-06,001330.SZ,4.33,4.49,4.33,4.46,71236.63
2024-08-07,001330.SZ,4.45,4.46,4.39,4.41,51226.63
2024-08-08,001330.SZ,4.38,4.52,4.35,4.49,97142.0
2024-08-09,001330.SZ,4.47,4.51,4.37,4.38,89910.0
2024-08-12,001330.SZ,4.34,4.39,4.29,4.31,65241.99
2024-08-13,001330.SZ,4.3,4.33,4.17,4.28,50179.0
2024-08-14,001330.SZ,4.29,4.34,4.23,4.29,66173.0
2024-08-15,001330.SZ,4.29,4.45,4.25,4.39,116307.0
2024-08-16,001330.SZ,4.4,4.44,4.33,4.33,62768.0
2024-08-19,001330.SZ,4.33,4.63,4.29,4.44,147881.08
2024-08-20,001330.SZ,4.41,4.46,4.3,4.36,135113.0
2024-08-21,001330.SZ,4.33,4.42,4.26,4.27,89765.0
2024-08-22,001330.SZ,4.25,4.31,4.1,4.11,100132.0
2024-08-23,001330.SZ,4.12,4.13,4.02,4.06,85929.0
2024-08-26,001330.SZ,4.05,4.11,3.99,4.09,63899.53
2024-08-27,001330.SZ,4.06,4.11,4.0,4.01,56678.0
2024-08-28,001330.SZ,4.03,4.1,3.94,4.05,83140.0
2024-08-29,001330.SZ,4.06,4.12,4.0,4.1,73970.53
2024-08-30,001330.SZ,4.1,4.26,4.1,4.19,115755.0
2024-09-02,001330.SZ,4.19,4.21,4.07,4.07,71431.2
2024-09-03,001330.SZ,4.14,4.15,4.06,4.11,44254.64
2024-09-04,001330.SZ,4.07,4.11,4.04,4.05,44636.0
2024-09-05,001330.SZ,4.06,4.13,4.05,4.12,71311.0
2024-09-06,001330.SZ,4.1,4.13,4.06,4.07,39150.0
2024-09-09,001330.SZ,4.04,4.08,4.0,4.03,59037.0
2024-09-10,001330.SZ,4.05,4.08,3.97,4.06,63115.16
2024-09-11,001330.SZ,4.05,4.06,4.0,4.04,37932.0
2024-09-12,001330.SZ,4.02,4.11,4.0,4.03,47164.0
2024-09-13,001330.SZ,4.03,4.03,3.94,3.95,61083.0
2024-09-18,001330.SZ,3.97,3.99,3.87,3.93,69078.0
2024-09-19,001330.SZ,3.95,4.06,3.94,4.06,97091.0
2024-09-20,001330.SZ,4.03,4.1,4.03,4.07,55368.0
2024-09-23,001330.SZ,4.07,4.11,4.03,4.08,62313.0
2024-09-24,001330.SZ,4.07,4.19,4.03,4.18,135946.34
2024-09-25,001330.SZ,4.22,4.4,4.22,4.27,178098.0
2024-09-26,001330.SZ,4.28,4.49,4.27,4.48,135957.0
2024-09-27,001330.SZ,4.63,4.82,4.49,4.76,275544.53
2024-09-30,001330.SZ,5.07,5.24,4.93,5.24,173890.39
2024-10-08,001330.SZ,5.76,5.76,5.11,5.51,607003.21
2024-10-09,001330.SZ,5.4,5.4,4.96,4.96,305741.61
2024-10-10,001330.SZ,4.9,5.03,4.7,4.8,287416.89
2024-10-11,001330.SZ,4.76,4.79,4.56,4.6,158425.77
2024-10-14,001330.SZ,4.6,4.75,4.51,4.67,134648.0
2024-10-15,001330.SZ,4.67,4.9,4.6,4.73,207728.64
2024-10-16,001330.SZ,4.69,4.92,4.63,4.8,151040.0
2024-10-17,001330.SZ,4.83,4.86,4.7,4.72,133220.0
2024-10-18,001330.SZ,4.72,4.85,4.59,4.78,152128.62
2024-10-21,001330.SZ,4.78,5.15,4.77,5.05,293041.42
2024-10-22,001330.SZ,5.05,5.35,5.01,5.19,315719.5
2024-10-23,001330.SZ,5.19,5.25,5.06,5.09,199396.35
2024-10-24,001330.SZ,5.05,5.09,4.95,5.03,123446.0
2024-10-25,001330.SZ,5.04,5.24,5.02,5.2,161081.0
2024-10-28,001330.SZ,5.21,5.72,5.16,5.72,502838.64
2024-10-29,001330.SZ,5.72,6.29,5.51,5.91,905383.8
2024-10-30,001330.SZ,5.84,6.27,5.76,5.84,439887.32
2024-10-31,001330.SZ,5.93,6.38,5.93,6.18,532909.07
2024-11-01,001330.SZ,6.1,6.23,5.7,5.81,301272.44
2024-11-04,001330.SZ,5.76,6.39,5.72,6.39,504202.68
2024-11-05,001330.SZ,6.22,7.0,6.19,6.8,631391.16
2024-11-06,001330.SZ,6.78,6.97,6.54,6.73,332937.41
2024-11-07,001330.SZ,6.78,6.95,6.6,6.9,239151.0
2024-11-08,001330.SZ,6.9,6.95,6.65,6.72,205205.21
2024-11-11,001330.SZ,6.65,6.79,6.33,6.42,384278.69
2024-11-12,001330.SZ,6.4,6.48,6.1,6.15,369836.24
2024-11-13,001330.SZ,6.0,6.28,5.7,6.24,519107.46
2024-11-14,001330.SZ,6.11,6.35,6.03,6.06,234007.65
2024-11-15,001330.SZ,6.06,6.67,6.06,6.33,620554.32
2024-11-18,001330.SZ,6.22,6.27,5.73,5.86,454257.81
2024-11-19,001330.SZ,5.8,6.01,5.78,5.96,165198.58
2024-11-20,001330.SZ,5.96,6.47,5.89,6.37,417904.56
2024-11-21,001330.SZ,6.32,6.47,6.24,6.39,185933.26
2024-11-22,001330.SZ,6.35,6.57,6.18,6.19,172561.63
2024-11-25,001330.SZ,6.2,6.53,5.97,6.31,251501.35
2024-11-26,001330.SZ,6.31,6.66,6.21,6.47,249702.04
2024-11-27,001330.SZ,6.37,6.58,6.18,6.56,196833.0
2024-11-28,001330.SZ,6.47,6.75,6.41,6.43,166672.15
2024-11-29,001330.SZ,6.37,6.57,6.33,6.44,148693.64
2024-12-02,001330.SZ,6.38,7.0,6.38,6.79,357314.26
2024-12-03,001330.SZ,6.79,7.06,6.65,6.9,247273.63
2024-12-04,001330.SZ,6.88,6.88,6.4,6.46,294330.15
2024-12-05,001330.SZ,6.4,6.83,6.4,6.72,171467.47
2024-12-06,001330.SZ,6.71,6.94,6.67,6.88,130607.21
2024-12-09,001330.SZ,6.9,7.28,6.7,7.07,308209.0
2024-12-10,001330.SZ,7.39,7.78,7.31,7.78,455191.49
2024-12-11,001330.SZ,7.78,8.05,7.44,7.85,614455.95
2024-12-12,001330.SZ,7.91,8.32,7.62,7.72,466102.1
2024-12-13,001330.SZ,7.75,8.49,7.68,8.49,712450.87
2024-12-16,001330.SZ,8.62,8.88,7.8,8.19,892748.58
2024-12-17,001330.SZ,7.85,7.96,7.37,7.37,390595.27
2024-12-18,001330.SZ,6.99,7.86,6.95,7.49,541698.82
2024-12-19,001330.SZ,7.33,7.46,6.74,7.05,673761.41
2024-12-20,001330.SZ,6.95,7.16,6.86,6.95,323928.99
2024-12-23,001330.SZ,7.05,7.27,6.71,6.72,456933.99
2024-12-24,001330.SZ,6.79,7.01,6.57,6.99,324274.0
2024-12-25,001330.SZ,7.0,7.13,6.66,7.05,246840.5
2024-12-26,001330.SZ,7.06,7.24,6.77,6.8,368431.13
2024-12-27,001330.SZ,6.8,6.86,6.63,6.66,200537.99
2024-12-30,001330.SZ,6.63,6.66,6.4,6.45,229451.91
2024-12-31,001330.SZ,6.47,6.52,6.11,6.13,251207.98
