trade_date,ts_code,open,high,low,close,vol,trend_regime,vol_regime,state,y,hmm_state,hmm_state_label,hmm_p0,hmm_p1,hmm_p2,hmm_p3,hmm_p4
2020-01-02,000001.SZ,16.65,16.95,16.55,16.87,1530231.87,UNK,V2,S5,0,,,,,,,
2020-01-03,000001.SZ,16.94,17.31,16.92,17.18,1116194.81,UNK,V2,S5,0,,,,,,,
2020-01-06,000001.SZ,17.01,17.34,16.91,17.07,862083.5,UNK,V4,S5,0,,,,,,,
2020-01-07,000001.SZ,17.13,17.28,16.95,17.15,728607.56,UNK,V4,S5,0,,,,,,,
2020-01-08,000001.SZ,17.0,17.05,16.63,16.66,847824.12,UNK,V4,S5,0,,,,,,,
2020-01-09,000001.SZ,16.81,16.93,16.53,16.79,1031636.65,UNK,V3,S5,0,,,,,,,
2020-01-10,000001.SZ,16.79,16.81,16.52,16.69,585548.45,UNK,V4,S5,0,,,,,,,
2020-01-13,000001.SZ,16.75,17.03,16.61,16.99,872133.36,UNK,V4,S5,0,,,,,,,
2020-01-14,000001.SZ,16.99,17.27,16.76,16.76,1304493.66,UNK,V3,S5,0,,,,,,,
2020-01-15,000001.SZ,16.79,16.86,16.45,16.52,859439.12,UNK,V4,S5,0,,,,,,,
2020-01-16,000001.SZ,16.52,16.57,16.2,16.33,1028104.67,UNK,V3,S5,0,,,,,,,
2020-01-17,000001.SZ,16.38,16.55,16.35,16.39,605436.69,UNK,V4,S5,0,,,,,,,
2020-01-20,000001.SZ,16.43,16.61,16.35,16.45,746074.75,UNK,V1,S5,0,,,,,,,
2020-01-21,000001.SZ,16.34,16.34,15.93,16.0,896603.1,UNK,V1,S5,0,,,,,,,
2020-01-22,000001.SZ,15.92,16.16,15.71,16.09,719464.91,UNK,V3,S5,0,,,,,,,
2020-01-23,000001.SZ,15.92,15.92,15.39,15.54,1100592.07,UNK,V4,S5,0,,,,,,,
2020-02-03,000001.SZ,13.99,14.7,13.99,13.99,2259194.83,UNK,V3,S5,1,,,,,,,
2020-02-04,000001.SZ,14.05,14.66,14.02,14.6,1706172.07,UNK,V3,S5,1,,,,,,,
2020-02-05,000001.SZ,14.59,14.89,14.32,14.63,1491380.21,UNK,V4,S5,1,,,,,,,
2020-02-06,000001.SZ,14.81,14.87,14.510000000000002,14.77,1185815.72,UNK,V1,S5,0,,,,,,,
2020-02-07,000001.SZ,14.6,14.689999999999998,14.41,14.62,924852.96,UNK,V3,S5,1,2.0,S5,0.0,0.0,1.0,0.0,0.0
2020-02-10,000001.SZ,14.510000000000002,14.53,14.3,14.499999999999998,1339495.24,UNK,V3,S5,1,2.0,S5,0.0,2.1648566847198114e-207,1.0,0.0,4.4451440977652687e-17
2020-02-11,000001.SZ,14.6,14.94,14.56,14.79,1407507.44,UNK,V4,S5,1,2.0,S5,1.509643802151149e-182,2.571550738727563e-65,1.0,0.0,1.509451031305318e-17
2020-02-12,000001.SZ,14.79,14.82,14.6,14.77,1070503.21,UNK,V3,S5,1,2.0,S5,2.3239054471340503e-183,2.761793488760058e-64,1.0,0.0,1.7286057587424983e-16
2020-02-13,000001.SZ,14.71,14.88,14.61,14.65,1013205.28,UNK,V1,S5,1,2.0,S5,8.40935246611927e-183,2.375710383043086e-63,1.0,0.0,1.6485447282038914e-16
2020-02-14,000001.SZ,14.75,15.14,14.7,15.03,1512434.73,UNK,V3,S5,1,2.0,S5,9.44114828426175e-111,4.791009169752527e-62,1.0,0.0,3.656131746905392e-16
2020-02-17,000001.SZ,15.04,15.37,14.93,15.37,1543696.01,UNK,V3,S5,0,2.0,S5,3.698165575406688e-74,2.4466682017987426e-57,1.0,0.0,2.2745485998298215e-14
2020-02-18,000001.SZ,15.33,15.33,15.01,15.2,973612.35,UNK,V4,S5,0,2.0,S5,1.71923419029605e-74,2.9457131415418884e-53,0.9999999999984084,0.0,1.550513037049395e-12
2020-02-19,000001.SZ,15.1,15.37,15.08,15.24,874106.93,UNK,V4,S5,0,2.0,S5,4.681706013663633e-57,2.8311346743247217e-50,0.9999999999799912,0.0,1.9928299063492312e-11
2020-02-20,000001.SZ,15.27,15.62,15.1,15.59,1235444.34,UNK,V1,S5,0,2.0,S5,2.903148323933359e-38,2.2923692830661486e-45,0.9999999994381596,0.0,5.617321161910961e-10
2020-02-21,000001.SZ,15.489999999999998,15.720000000000002,15.45,15.58,995071.02,UNK,V3,S5,0,2.0,S5,1.3174193622674794e-24,2.908029985529837e-38,0.9999999925025804,0.0,7.497451212594216e-09
2020-02-24,000001.SZ,15.46,15.46,15.15,15.23,1191794.5,UNK,V1,S5,0,2.0,S5,7.015826024977166e-48,1.317419362267779e-24,0.999999676818386,1.8804208144754808e-217,3.231816468176746e-07
2020-02-25,000001.SZ,15.0,15.13,14.78,15.04,1144575.02,UNK,V3,S5,0,2.0,S5,4.0418750288230704e-64,3.1890464408536337e-25,0.9982122393144566,9.23488045375349e-100,0.0017877606854985
2020-02-26,000001.SZ,14.77,15.27,14.7,14.99,1176599.15,UNK,V4,S5,0,2.0,S5,4.961107870680811e-64,1.780820457387227e-26,0.7939286847291637,1.4228222912507076e-64,0.2060713152709344
2020-02-27,000001.SZ,14.96,15.15,14.89,15.11,975270.9,UNK,V1,S5,1,4.0,S5,3.350300776275713e-49,1.046817173329524e-27,0.1098386804435922,2.015956021721e-101,0.8901613195563678
2020-02-28,000001.SZ,14.85,15.04,14.46,14.499999999999998,1300644.45,UNK,V3,S5,1,4.0,S5,1.9550898949468203e-202,3.185772320129373e-29,0.0302310617988986,7.829889015315562e-209,0.9697689382010908
2020-03-02,000001.SZ,14.55,14.95,14.46,14.79,1116580.66,UNK,V3,S5,0,4.0,S5,2.2118145817972528e-79,6.029916818650557e-32,1.551981678931288e-06,1.094883528375375e-185,0.9999984480182996
2020-03-03,000001.SZ,14.96,14.99,14.63,14.720000000000002,1153584.32,UNK,V4,S5,1,4.0,S5,8.75844476822496e-97,3.758518396300601e-31,3.172264994896398e-07,9.496363831382018e-254,0.999999682773528
2020-03-04,000001.SZ,14.68,14.78,14.510000000000002,14.689999999999998,862595.23,UNK,V4,S5,0,4.0,S5,4.692861360917332e-98,2.672059241867573e-31,1.4601951716648345e-07,2.946233044666353e-278,0.9999998539804088
2020-03-05,000001.SZ,14.8,15.64,14.73,15.39,2686602.34,UNK,V1,S5,0,4.0,S5,3.0921350579328683e-22,1.4649441499166614e-29,9.970730840242981e-09,2.7192430729147898e-248,0.9999999900292096
2020-03-06,000001.SZ,15.18,15.27,15.02,15.03,1228531.03,UNK,V3,S5,0,4.0,S5,1.7068046051941017e-64,3.092135721028595e-22,7.602702622392243e-06,4.704069405699362e-270,0.9999923972973436
2020-03-09,000001.SZ,14.71,14.73,14.42,14.45,1665793.54,UNK,V4,S5,0,4.0,S5,3.5918221386514997e-156,1.4488192025948482e-23,6.2876521224790485e-06,0.0,0.9999937123479726
2020-03-10,000001.SZ,14.38,14.85,14.38,14.76,1167864.97,UNK,V3,S5,0,4.0,S5,4.860346721553388e-51,9.922430717469042e-26,5.0705742510687615e-09,0.0,0.9999999949293396
2020-03-11,000001.SZ,14.77,14.88,14.62,14.689999999999998,814381.64,UNK,V4,S5,0,4.0,S5,7.587945269442255e-70,4.817561527817843e-27,9.166441823549149e-08,0.0,0.9999999083356712
2020-03-12,000001.SZ,14.65,14.84,14.53,14.68,986497.11,UNK,V4,S5,0,4.0,S5,1.632014667072779e-64,1.8445446674857718e-28,3.6611611124474286e-08,0.0,0.9999999633882914
2020-03-13,000001.SZ,13.9,14.58,13.9,14.52,1169765.8,UNK,V1,S5,0,4.0,S5,2.007628374655357e-90,6.239807660831372e-30,1.064495670970455e-06,0.0,0.9999989355043208
2020-03-16,000001.SZ,14.45,14.46,13.75,13.75,1406202.18,UNK,V3,S5,0,4.0,S5,5.10889504349242e-273,1.2556251016286086e-30,0.0031266336027782,0.0,0.9968733663973116
2020-03-17,000001.SZ,13.75,13.97,13.13,13.41,1177849.06,UNK,V3,S5,0,4.0,S5,8.022178737474671e-251,9.7052542431077e-34,0.0492121090807656,0.0,0.9507878909192384
2020-03-18,000001.SZ,13.41,13.55,12.65,12.71,1384784.37,UNK,V4,S5,1,2.0,S5,0.0,2.66022641996977e-37,0.967418344449543,0.0,0.0325816555505691
2020-03-19,000001.SZ,12.68,12.74,11.910000000000002,12.23,1891457.13,UNK,V3,S5,1,2.0,S5,0.0,1.266238421662061e-43,0.9999918749277124,0.0,8.12507235715926e-06
2020-03-20,000001.SZ,12.4,12.68,12.26,12.52,1578352.96,UNK,V4,S5,1,2.0,S5,1.926567212212223e-233,8.238347957459244e-51,0.9999999952829056,0.0,4.717050641785283e-09
2020-03-23,000001.SZ,12.0,12.35,11.93,12.15,1071113.64,UNK,V4,S5,1,2.0,S5,0.0,2.1148075939819478e-54,0.9999999992294306,0.0,7.704606877265437e-10
2020-03-24,000001.SZ,12.4,12.68,12.27,12.61,1180200.26,UNK,V3,S5,1,2.0,S5,1.114894990812439e-154,2.29936153761538e-56,0.9999999999902228,0.0,9.844721589233107e-12
2020-03-25,000001.SZ,12.88,13.07,12.7,12.87,1136957.74,UNK,V3,S5,1,2.0,S5,5.576809247979071e-113,3.8116979275864645e-54,0.999999999861302,0.0,1.3876531452820003e-10
2020-03-26,000001.SZ,12.78,13.34,12.720000000000002,13.06,1075192.43,UNK,V4,S5,0,2.0,S5,1.3688891925119565e-83,1.01136335353624e-51,0.9999999997801295,0.0,2.1978121512637107e-10
2020-03-27,000001.SZ,13.25,13.38,13.08,13.15,653018.88,UNK,V4,S5,0,2.0,S5,3.5482762607564737e-69,2.5474275987328197e-51,0.9999999999570264,0.0,4.293400508550768e-11
2020-03-30,000001.SZ,12.85,13.04,12.76,12.94,661738.79,UNK,V4,S5,0,2.0,S5,6.524084589376174e-86,5.62389772203998e-53,0.9999999999893134,1.353456632744602e-206,1.061705847954471e-11
2020-03-31,000001.SZ,13.05,13.089999999999998,12.78,12.8,513370.3,UNK,V3,S5,0,2.0,S5,1.0407874736421708e-91,4.004599290694064e-56,0.999999999999318,1.4963065352041317e-108,6.056433510178049e-13
2020-04-01,000001.SZ,12.86,13.13,12.82,12.89,520836.04,UNK,V4,S5,0,2.0,S5,1.4244971990732308e-84,1.3047493699607792e-57,0.9999999999997726,2.6024414640241426e-49,1.528587267656716e-13
2020-04-02,000001.SZ,12.75,12.97,12.66,12.97,518365.04,UNK,V4,S5,0,2.0,S5,6.164733657903857e-84,4.195733828239868e-59,0.999999999998181,4.578318455155058e-14,1.7263581742617117e-12
2020-04-03,000001.SZ,12.82,12.89,12.55,12.61,825348.14,UNK,V4,S5,0,2.0,S5,3.5778818780971565e-129,9.709235961759921e-60,0.9999999991366622,8.632230546250965e-10,7.089538792731374e-14
2020-04-07,000001.SZ,12.89,12.94,12.81,12.88,870313.71,UNK,V3,S5,0,3.0,S5,2.368603510392097e-99,2.374952016445085e-63,0.0020855755577284,0.9979144244423828,1.041049415263834e-16
2020-04-08,000001.SZ,12.88,12.92,12.720000000000002,12.78,528716.14,UNK,V4,S5,1,3.0,S5,8.732977597469051e-112,8.075570411647874e-66,2.5320291829993424e-06,0.9999974679708652,3.136091605266362e-18
2020-04-09,000001.SZ,12.88,12.89,12.720000000000002,12.74,408553.77,UNK,V4,S5,0,3.0,S5,2.533176705799385e-130,3.1295784839455888e-68,8.494276831478579e-11,0.9999999999149622,6.927943801593125e-20
2020-04-10,000001.SZ,12.76,12.98,12.65,12.79,666674.95,UNK,V1,S5,1,3.0,S5,3.3571688758884313e-138,2.1108899452997687e-69,2.584375742861941e-17,1.0,5.004053533511114e-21
2020-04-13,000001.SZ,12.67,12.71,12.47,12.59,446214.4,UNK,V3,S5,1,3.0,S5,6.8038757571782385e-214,6.3137751446664e-67,5.004105173210435e-21,1.0,3.81088205880656e-22
2020-04-14,000001.SZ,12.65,12.86,12.57,12.86,686086.87,UNK,V3,S5,1,3.0,S5,4.7472175758017705e-139,3.05040295711454e-65,3.8107622884944954e-22,1.0,2.8234224232053226e-21
2020-04-15,000001.SZ,12.86,12.93,12.78,12.87,656396.4,UNK,V3,S5,1,3.0,S5,5.25538099538249e-140,6.886720963024693e-59,2.8233229604919884e-21,1.0,4.0801272844445177e-20
2020-04-16,000001.SZ,12.79,12.79,12.54,12.68,789154.98,UNK,V1,S5,1,3.0,S5,6.892359534407383e-171,9.169397961668671e-54,3.1989090030389358e-21,1.0,4.689525511767343e-15
2020-04-17,000001.SZ,12.77,13.04,12.65,12.89,1331164.77,UNK,V3,S5,1,3.0,S5,3.324638894486092e-107,5.044367822197989e-49,7.189819082292567e-23,0.9999999990977811,9.022221477366199e-10
2020-04-20,000001.SZ,12.86,13.05,12.77,12.99,818455.83,UNK,V3,S5,1,3.0,S5,2.4214225833185968e-79,2.2500968533491718e-42,9.152212096860854e-19,0.9998747902429904,0.0001252097569974
2020-04-21,000001.SZ,13.3,13.7,13.3,13.45,2122448.34,UNK,V4,S5,1,4.0,S5,1.2594190221205535e-31,1.5731897198972013e-35,2.119657160693467e-13,9.942335251874618e-07,0.999999005766352
2020-04-22,000001.SZ,13.37,13.42,13.16,13.23,1032802.74,UNK,V3,S5,1,4.0,S5,2.827747652798437e-37,1.2376781251252956e-30,7.768591046398179e-07,2.326636797888862e-16,0.9999992231408504
2020-04-23,000001.SZ,13.23,13.310000000000002,13.11,13.23,646989.63,UNK,V4,S5,1,4.0,S5,2.801133952086631e-25,3.541524952446974e-31,4.738754196670328e-08,1.2205537186045816e-26,0.9999999526123712
2020-04-24,000001.SZ,13.17,13.279999999999998,13.11,13.24,566001.61,UNK,V1,S5,1,4.0,S5,1.6625983396040777e-18,2.8011701639210915e-25,4.3548213223374664e-08,9.948774379388342e-56,0.9999999564518032
2020-04-27,000001.SZ,13.3,13.64,13.25,13.500000000000002,936829.9,UNK,V3,S5,1,4.0,S5,3.1752562406762508e-06,1.66259854791926e-18,7.288899931342094e-16,7.789137401421174e-65,0.9999968247437144
2020-04-28,000001.SZ,13.45,13.56,13.27,13.52,771564.17,UNK,V3,S5,1,0.0,S5,0.9999968003652412,3.175256240656036e-06,1.208504212790916e-14,2.0784795043523777e-82,2.437852813314357e-08
2020-04-29,000001.SZ,13.48,14.1,13.45,14.02,1108722.39,UNK,V1,S5,0,1.0,S2,2.737326182864153e-40,0.9999999756214496,1.194953935722387e-15,1.3190965884551288e-58,2.4378548363341533e-08
2020-04-30,000001.SZ,14.02,14.32,13.88,13.93,819540.43,UNK,V3,S5,0,1.0,S2,1.829923506770686e-12,0.9999995251044984,2.3124063697406e-14,2.0737501902716506e-72,4.74893746151879e-07
2020-05-06,000001.SZ,13.76,13.89,13.61,13.77,1008998.02,UNK,V4,S5,0,1.0,S2,4.00868263091945e-07,0.9998984438687982,8.989953936494635e-21,5.337223918545929e-67,0.0001011552628871
2020-05-07,000001.SZ,13.76,13.76,13.6,13.689999999999998,662749.23,UNK,V3,S5,0,1.0,S2,0.0001011552625709,0.9998988446604492,6.218181299550744e-18,2.336038660998881e-80,7.695830472186871e-11
2020-05-08,000001.SZ,13.76,14.02,13.68,13.95,934781.7,UNK,V4,S5,0,1.0,S2,4.097900050125666e-19,0.9999999968899828,4.729534422320352e-17,1.6274238718395665e-108,3.110111006118161e-09
2020-05-11,000001.SZ,13.92,14.13,13.9,14.0,612862.29,UNK,V3,S5,0,1.0,S2,1.347109392275384e-14,0.999999346526224,1.0343626139451538e-15,1.7545622999300689e-161,6.534738741741182e-07
2020-05-12,000001.SZ,13.95,14.05,13.720000000000002,13.79,558511.14,UNK,V1,S5,0,1.0,S2,7.74316864897997e-09,0.9991137398200508,3.383486519160668e-12,8.277066547628199e-199,0.000886252433452
2020-05-13,000001.SZ,13.75,13.78,13.53,13.63,640358.79,UNK,V3,S5,0,1.0,S2,3.43520059631752e-13,0.8884047685787386,3.656153111746938e-09,1.7752e-319,0.1115952277646725
2020-05-14,000001.SZ,13.55,13.59,13.22,13.3,944672.09,UNK,V2,S5,1,4.0,S5,5.477410883141744e-58,0.1541194197115598,4.687236043924354e-07,0.0,0.8458801115647758
2020-05-15,000001.SZ,13.39,13.43,13.14,13.23,756794.47,UNK,V3,S5,0,4.0,S5,1.8956146571423407e-52,0.0032518068018571,1.1559021666168085e-07,0.0,0.9967480776079956
2020-05-18,000001.SZ,13.2,13.34,13.12,13.2,637208.57,UNK,V4,S5,0,4.0,S5,3.183875926774661e-57,4.91911278235721e-05,2.0848363214444598e-08,0.0,0.9999507880238092
2020-05-19,000001.SZ,13.41,13.45,13.27,13.36,600368.64,T2,V1,S5,0,4.0,S5,5.4423210199567446e-30,3.906779531706802e-06,2.8607552135348235e-10,0.0,0.9999960929343544
2020-05-20,000001.SZ,13.38,13.62,13.27,13.510000000000002,690851.07,T2,V3,S4,0,4.0,S5,6.742726984802576e-19,1.330762173749295e-06,3.340965430047085e-11,0.0,0.9999986692043636
2020-05-21,000001.SZ,13.52,13.57,13.36,13.4,552312.0,T2,V4,S4,0,4.0,S5,1.5197960773538706e-49,3.56256743560252e-07,5.486900780417026e-10,0.0,0.9999996431946055
2020-05-22,000001.SZ,13.33,13.34,12.92,12.92,856237.33,UNK,V4,S5,1,4.0,S5,5.7882891301629487e-157,8.294611681191583e-09,1.488672849238929e-07,0.0,0.999999842838191
2020-05-25,000001.SZ,12.97,12.98,12.76,12.96,410170.78,UNK,V3,S5,1,4.0,S5,1.5439264517924412e-86,2.0171898856716305e-11,1.209567222421151e-09,0.0,0.9999999987703632
2020-05-26,000001.SZ,13.02,13.07,12.94,13.04,396212.4,UNK,V1,S5,1,4.0,S5,1.2940723166000885e-65,1.0339069878362825e-13,5.866869816918748e-10,0.0,0.9999999994131484
2020-05-27,000001.SZ,13.05,13.19,12.96,13.0,482962.94,UNK,V3,S5,1,4.0,S5,3.873134824613733e-74,5.801762148544259e-16,2.033753976871365e-09,0.0,0.9999999979661424
2020-05-28,000001.SZ,13.09155101154719,13.406887516098834,13.030518139698486,13.29499391770954,960760.31,T2,V1,S5,1,4.0,S5,1.6644838480162059e-13,2.5944332552408226e-17,5.573868268399495e-12,0.0,0.9999999999943155
2020-05-29,000001.SZ,13.233961045860836,13.264477481785187,13.14241173808778,13.22378890055272,457808.22,T2,V3,S4,1,4.0,S5,2.557882522611036e-33,1.6644941144522045e-13,8.573025495277151e-15,0.0,0.9999999999997726
2020-06-01,000001.SZ,13.325510353633891,13.620502567569302,13.30516606301766,13.54929755041248,882960.55,T2,V4,S4,1,0.0,S5,0.9999565403173876,1.6643432749731525e-13,1.9116556059274848e-21,0.0,4.345968241466576e-05
2020-06-02,000001.SZ,13.518781114488124,13.86463405496412,13.508608969180008,13.78325689249918,883458.88,UNK,V3,S5,1,1.0,S2,4.345490027529408e-05,0.9999565403176148,4.19373716282513e-22,0.0,4.782149599266435e-09
2020-06-03,000001.SZ,13.874806200272236,14.118937687667058,13.732396165958592,13.773084747191062,956803.08,UNK,V4,S5,0,1.0,S2,2.174784492172042e-09,0.9999999255280756,7.32490237643958e-22,0.0,7.22970848987599e-08
2020-06-04,000001.SZ,13.762912601882944,13.874806200272236,13.640846858185537,13.803601183115417,583066.33,UNK,V1,S5,0,1.0,S2,6.961611154603198e-08,0.9999998552189132,3.914396946555036e-21,0.0,7.516500876613659e-08
2020-06-05,000001.SZ,13.834117619039766,13.854461909656004,13.661191148801771,13.82394547373165,383026.9,UNK,V3,S5,0,1.0,S2,6.964884661229288e-08,0.999999698166721,1.5941984265018936e-19,0.0,2.3218451959526385e-07
2020-06-08,000001.SZ,13.915494781504709,14.088421251742703,13.813773328423531,13.854461909656004,585971.9,UNK,V1,S5,0,1.0,S2,8.199649106779515e-08,0.9999914734412128,1.1454531989583426e-17,0.0,8.444562324420793e-06
2020-06-09,000001.SZ,13.874806200272236,13.966355508045297,13.762912601882944,13.90532263619659,474300.07,T1,V3,S1,0,1.0,S2,4.673836473824631e-09,0.999384617810492,4.265652697269866e-16,0.0,0.000615377515698
2020-06-10,000001.SZ,13.946011217429062,13.946011217429062,13.630674712877418,13.722224020650476,580476.2,T1,V3,S2,0,1.0,S2,1.1443085030126e-15,0.9264901277728634,6.4533338369434675e-12,0.0,0.0735098722206733
2020-06-11,000001.SZ,13.610330422261184,13.620502567569302,13.22378890055272,13.30516606301766,1349039.82,UNK,V3,S5,0,4.0,S5,2.257200262517108e-80,0.0927286652999189,3.576283290270823e-08,0.0,0.9072712989372136
2020-06-12,000001.SZ,13.122067447471544,13.244133191168952,13.09155101154719,13.213616755244605,1030550.57,UNK,V3,S5,0,4.0,S5,2.38572600164405e-70,0.0007196639698506,1.0771526148148445e-08,0.0,0.999280325258648
2020-06-15,000001.SZ,13.071206720930956,13.193272464628368,13.02034599439037,13.040690285006606,660313.07,UNK,V4,S5,0,4.0,S5,3.8857430772333284e-109,1.6793954594940363e-06,1.7665958950871938e-08,0.0,0.9999983029386688
2020-06-16,000001.SZ,13.122067447471544,13.213616755244605,13.081378866239074,13.111895302163427,718059.1,UNK,V3,S5,0,4.0,S5,2.7210593365021863e-71,3.429794409904368e-09,1.172002662566998e-09,0.0,0.9999999953981842
2020-06-17,000001.SZ,13.111895302163427,13.14241173808778,12.9796574131579,13.071206720930956,716468.24,UNK,V4,S5,0,4.0,S5,1.0332598533093496e-84,7.836843446941349e-12,3.3626631958554486e-09,0.0,0.9999999966294126
2020-06-18,000001.SZ,12.9796574131579,13.02034599439037,12.806730942919902,12.9796574131579,1119647.8,UNK,V1,S5,1,4.0,S5,1.993793109028675e-104,7.255687091669098e-15,8.947679368405466e-09,0.0,0.9999999910523912
2020-06-19,000001.SZ,12.949140977233547,13.06103457562284,12.827075233536137,13.02034599439037,1539521.78,UNK,V3,S5,0,4.0,S5,3.641862329173774e-78,4.5717150644388785e-18,1.6643674812757934e-09,0.0,0.9999999983356248
2020-06-22,000001.SZ,12.959313122541666,12.9796574131579,12.837247378844252,12.857591669460492,1319079.79,UNK,V1,S5,1,4.0,S5,1.008351154258338e-125,1.3262686585639313e-21,1.8315520218032212e-08,0.0,0.9999999816843684
2020-06-23,000001.SZ,12.867763814768608,12.908452396001078,12.73552592576308,12.81690308822802,990806.73,UNK,V3,S5,1,4.0,S5,3.6986658391536553e-119,7.48710794520271e-26,7.878203398238188e-09,0.0,0.9999999921217296
2020-06-24,000001.SZ,12.857591669460492,13.10172315685531,12.81690308822802,13.02034599439037,1523220.48,UNK,V1,S5,1,4.0,S5,9.05320841699842e-44,8.268083204727073e-29,3.318269286778173e-10,0.0,0.9999999996682618
2020-06-29,000001.SZ,13.14241173808778,13.193272464628368,12.928796686617313,13.02034599439037,1038480.06,UNK,V3,S5,1,4.0,S5,1.8468262753741344e-46,5.6039925745312195e-31,2.1077810889721723e-09,0.0,0.999999997892246
2020-06-30,000001.SZ,13.050862430314725,13.10172315685531,12.938968831925427,13.02034599439037,937940.22,UNK,V1,S5,1,4.0,S5,2.5794913409645243e-38,6.565600641172288e-32,1.3806746497191897e-23,0.0,1.0
2020-07-01,000001.SZ,13.010173849082252,13.37637108017448,12.959313122541666,13.34585464425013,1697390.01,T2,V1,S5,1,0.0,S5,1.0,1.982049378375725e-29,3.036363726041975e-42,0.0,5.244162255431561e-15
2020-07-02,000001.SZ,13.30516606301766,13.722224020650476,13.193272464628368,13.661191148801771,2590501.19,UNK,V3,S5,1,1.0,S2,5.244162256222111e-15,1.0,6.542101250869019e-49,0.0,3.6915740754756714e-30
2020-07-03,000001.SZ,13.803601183115417,14.566512081224229,13.793429037807297,14.495307064067402,3768333.63,UNK,V4,S5,1,1.0,S2,4.822591156151251e-146,1.0,1.7995571299907324e-64,0.0,3.380665968858453e-33
2020-07-06,000001.SZ,14.851332149851515,15.949923843128204,14.841160004543395,15.949923843128204,4711460.78,T1,V3,S1,0,1.0,S2,0.0,1.0,1.5599734126342383e-77,6.971149700928373e-241,8.600535285957449e-40
2020-07-07,000001.SZ,16.580596852231487,16.91627764739936,15.288734398100566,15.746480936965852,3964427.47,T1,V3,S2,0,1.0,S2,5.800821134174597e-282,1.0,1.4731972091943363e-91,0.0,5.127299682579703e-44
2020-07-08,000001.SZ,15.492177304262915,16.275432492987964,15.492177304262915,16.031301005593143,2631339.16,T1,V4,S2,0,1.0,S2,0.0,1.0,7.855389561375043e-97,0.0,4.221175981912849e-49
2020-07-09,000001.SZ,15.929579552511967,15.929579552511967,15.573554466727856,15.79734166350644,2243994.4,T1,V3,S2,0,1.0,S2,5.8125246187842245e-297,1.0,2.2834780557059447e-97,0.0,4.090019349625034e-51
2020-07-10,000001.SZ,15.614243047960326,15.746480936965852,15.014086474781395,15.11580792786257,2158773.26,T1,V4,S2,0,1.0,S2,9.334801049737895e-111,1.0,5.046533338651838e-88,0.0,1.6914568922969794e-47
2020-07-13,000001.SZ,14.953053602932687,15.339595124641152,14.749610696770342,15.146324363786924,1937160.12,T1,V3,S2,0,1.0,S2,2.1358032065842387e-137,1.0,7.781657695054657e-75,0.0,6.950323114116615e-45
2020-07-14,000001.SZ,15.15649650909504,15.451488723030447,14.80047142331093,14.932709312316454,1953566.27,T1,V1,S2,0,1.0,S2,3.079664598706372e-76,1.0,2.3531958851234134e-62,0.0,3.887079139096448e-39
2020-07-15,000001.SZ,15.034430765397628,15.11580792786257,14.47496277345117,14.51565135468364,2042562.83,T1,V3,S2,1,1.0,S2,3.884824722815225e-39,1.0,1.985665404854289e-50,1.137547249e-314,1.195067467540455e-28
2020-07-16,000001.SZ,14.54616779060799,14.80047142331093,14.363069175061876,14.393585610986229,1930891.29,T1,V3,S2,0,1.0,S2,1.194657317006356e-28,1.0,7.0194550072732134e-37,0.0,4.677713429673863e-22
2020-07-17,000001.SZ,14.413929901602463,14.525823499991755,14.190142704823876,14.383413465678112,1291346.77,UNK,V4,S5,0,1.0,S2,6.1708435099091356e-24,1.0,3.2502118089752607e-29,0.0,1.822517960542047e-15
2020-07-20,000001.SZ,14.47496277345117,15.024258620089512,14.34272488444564,14.983570038857042,1979632.0,UNK,V1,S5,0,1.0,S2,1.0909680360512537e-45,0.9999999999688498,5.713493148150684e-26,0.0,3.122409038953003e-11
2020-07-21,000001.SZ,14.932709312316454,14.932709312316454,14.647889243689168,14.739438551462223,1252865.69,UNK,V3,S5,0,1.0,S2,3.1527344279481224e-36,0.999999459411502,2.210680700684622e-24,0.0,5.405885779167665e-07
2020-07-22,000001.SZ,14.739438551462223,14.902192876392103,14.51565135468364,14.658061388997284,1312951.59,UNK,V4,S5,0,1.0,S2,5.2015605463830775e-28,0.9981284038628616,6.307728887899975e-18,0.0,0.0018715961371241
2020-07-23,000001.SZ,14.485134918759286,14.535995645299872,14.047732670510236,14.251175576672583,2027525.87,UNK,V4,S5,0,1.0,S2,8.020047553227879e-78,0.5939172048143169,7.479551398933429e-13,0.0,0.4060827951849143
2020-07-24,000001.SZ,14.210486995440116,14.230831286056349,13.651019003493651,13.732396165958592,1830881.83,UNK,V3,S5,0,4.0,S5,6.873527991945991e-155,0.0028809355904046,4.6012584842819014e-09,0.0,0.9971190598083626
2020-07-27,000001.SZ,13.90532263619659,13.915494781504709,13.325510353633891,13.467920387947538,1880653.35,UNK,V3,S5,1,4.0,S5,3.790505239382988e-164,2.192409017512908e-07,1.1021463624984081e-07,0.0,0.999999670544466
2020-07-28,000001.SZ,13.569641841028712,13.661191148801771,13.406887516098834,13.569641841028712,1217005.99,UNK,V4,S5,1,4.0,S5,1.3425442206894684e-113,2.881688569975044e-12,1.701164705343542e-08,0.0,0.9999999829854006
2020-07-29,000001.SZ,13.57981398633683,13.86463405496412,13.437403952023184,13.773084747191062,1519580.25,UNK,V4,S5,1,4.0,S5,6.965911303013824e-78,4.1250854827783337e-17,7.78081911717298e-11,0.0,0.9999999999222382
2020-07-30,000001.SZ,13.732396165958592,13.742568311266709,13.600158276953064,13.600158276953064,964067.63,UNK,V3,S5,1,4.0,S5,9.077401885282268e-129,3.385907192597404e-22,5.38149955573817e-11,0.0,0.9999999999461124
2020-07-31,000001.SZ,13.508608969180008,13.762912601882944,13.478092533255657,13.569641841028712,1165821.91,UNK,V4,S5,1,4.0,S5,5.5804582619848905e-87,3.025561978381302e-27,2.1990118092347955e-10,0.0,0.9999999997801295
2020-08-03,000001.SZ,13.70187973003424,13.854461909656004,13.661191148801771,13.82394547373165,1445096.16,T2,V1,S5,1,4.0,S5,6.179345058785432e-22,2.0866572056102587e-31,1.6303686460402787e-11,0.0,0.9999999999836292
2020-08-04,000001.SZ,13.895150490888474,14.393585610986229,13.71205187534236,14.281692012596936,2445663.25,T2,V3,S4,1,4.0,S5,0.000117526277102,6.179345063937639e-22,3.4386280641134824e-14,0.0,0.9998824737229428
2020-08-05,000001.SZ,14.057904815818352,14.088421251742703,13.854461909656004,13.996871943969646,1440203.13,T2,V3,S4,1,4.0,S5,3.3536787068222304e-48,0.0001175262771019,2.1038071200456743e-11,0.0,0.9998824737017996
2020-08-06,000001.SZ,14.057904815818352,14.200314850132,13.884978345580356,14.139281978283291,1352510.68,T2,V4,S4,1,4.0,S5,4.799268639874984e-13,1.6977309409735965e-05,7.731179296407084e-11,0.0,0.999983022612886
2020-08-07,000001.SZ,14.037560525202116,14.139281978283291,13.854461909656004,13.935839072120942,988678.37,T2,V4,S4,1,4.0,S5,2.425421889262107e-41,8.356710766343154e-06,4.0249776428186e-09,0.0,0.9999916392643438
2020-08-10,000001.SZ,13.90532263619659,14.261347721980702,13.854461909656004,14.190142704823876,1587710.35,T2,V3,S4,1,4.0,S5,1.293057087841887e-05,7.52184232236167e-06,1.9975503693693564e-10,0.0,0.99997954738703
2020-08-11,000001.SZ,14.210486995440116,14.91236502170022,14.210486995440116,14.373241320369994,2603307.89,T2,V2,S5,1,4.0,S5,0.0012705868519194,2.0263870482161825e-05,2.8360664248679743e-13,0.0,0.9987091492774004
2020-08-12,000001.SZ,14.454618482834936,14.749610696770342,14.393585610986229,14.627544953072931,1596811.7,T1,V4,S1,1,0.0,S5,0.9977034088585026,0.0012908498981577,2.589971549132644e-13,0.0,0.0010057412431
2020-08-13,000001.SZ,14.647889243689168,14.708922115537872,14.383413465678112,14.424102046910582,837261.75,T1,V3,S2,1,1.0,S2,2.813066791093069e-17,0.9989936802137236,1.960763198858735e-33,0.0,0.0010063197862531
2020-08-14,000001.SZ,14.34272488444564,14.759782842078458,14.302036303213171,14.719094260845988,1103215.82,T1,V4,S2,0,1.0,S2,0.0010063197862531,0.9989936802137236,1.8769488552105118e-34,0.0,1.8928825931462545e-25
2020-08-17,000001.SZ,14.851332149851515,15.614243047960326,14.80047142331093,15.451488723030447,3268027.8,T1,V3,S2,0,1.0,S2,1.4297482558226216e-57,1.0,2.2375645459111592e-34,2.5651601037230512e-235,3.044526538248822e-24
2020-08-18,000001.SZ,15.461660868338564,15.56338232141974,15.166668654403155,15.410800141797978,1350261.07,T1,V3,S2,0,1.0,S2,2.162758444108308e-30,1.0,1.7892435996149216e-31,2.9356131431144373e-203,5.105447377637058e-21
2020-08-19,000001.SZ,15.370111560565508,15.614243047960326,15.217529380943745,15.35993941525739,1420928.11,T1,V1,S2,0,1.0,S2,8.746579752795711e-30,1.0,1.720972961909291e-26,2.9246513273869238e-180,3.0780955109212477e-16
2020-08-20,000001.SZ,15.268390107484333,15.40062799648986,14.780127132694693,14.841160004543395,1333801.62,T1,V3,S2,0,1.0,S2,2.71997161172135e-22,0.9999999999554348,1.0958589637502433e-19,6.92062988808549e-141,4.45097898153183e-11
2020-08-21,000001.SZ,14.96322574824081,14.96322574824081,14.566512081224229,14.698749970229754,1234517.33,T1,V3,S2,1,1.0,S2,9.941814192059307e-12,0.9999998961959644,4.961894615566538e-15,5.953381618879703e-215,1.0379402904583477e-07
2020-08-24,000001.SZ,14.749610696770342,14.96322574824081,14.658061388997284,14.708922115537872,919448.86,T1,V4,S2,1,1.0,S2,1.862897454370131e-09,0.9999933245642278,4.870489034764084e-22,0.0,6.673572918255649e-06
2020-08-25,000001.SZ,14.810643568619046,14.942881457624573,14.708922115537872,14.851332149851515,748320.22,T1,V1,S2,1,1.0,S2,6.673572913550208e-06,0.999993326427088,7.681912119954609e-22,0.0,6.831422183024719e-14
2020-08-26,000001.SZ,14.851332149851515,14.861504295159632,14.525823499991755,14.617372807764813,734117.72,T1,V2,S2,1,1.0,S2,1.3801810918446497e-30,0.9999999999990904,7.671673679627933e-21,0.0,9.917275213776972e-13
2020-08-27,000001.SZ,14.647889243689168,14.708922115537872,14.35289702975376,14.708922115537872,626666.77,UNK,V3,S5,1,1.0,S2,6.371410702886739e-13,0.9999999999979536,1.533912552860157e-21,0.0,1.4808696499233054e-12
2020-08-28,000001.SZ,14.50547920937552,15.441316577722327,14.50547920937552,15.39045585118174,2410400.02,T1,V4,S1,0,1.0,S2,6.44314636761565e-13,0.9999999999977264,3.370460983234162e-24,0.0,1.5671362268271577e-12
2020-08-31,000001.SZ,15.56338232141974,15.949923843128204,15.248045816868098,15.339595124641152,1797129.54,T1,V3,S2,0,1.0,S2,9.375223907661144e-15,0.999999999975671,9.984040383984335e-27,0.0,2.4247236986392583e-11
2020-09-01,000001.SZ,15.217529380943745,15.492177304262915,15.136152218478804,15.40062799648986,813642.58,T1,V1,S2,1,1.0,S2,2.424535904761697e-11,0.999999999975671,2.6700693185160577e-25,0.0,1.7039014072432827e-13
2020-09-02,000001.SZ,15.268390107484333,15.79734166350644,15.268390107484333,15.583726612035974,1679382.97,T1,V3,S2,0,1.0,S2,2.8219504081169827e-14,0.9999999999722604,1.601890572022525e-23,0.0,2.7783166672083413e-11
2020-09-03,000001.SZ,15.583726612035974,15.59389875734409,15.095463637246336,15.15649650909504,1279841.59,T1,V3,S2,1,1.0,S2,4.873622182031097e-41,0.9999999815754566,6.5047470384520094e-18,0.0,1.8424578214800348e-08
2020-09-04,000001.SZ,14.983570038857042,15.31925083402492,14.851332149851515,15.217529380943745,909889.99,T1,V3,S2,1,1.0,S2,1.2138800742466658e-14,0.9999992904911568,3.1594354776692624e-16,0.0,7.09508796341644e-07
2020-09-07,000001.SZ,15.136152218478804,15.502349449571035,15.085291491938216,15.197185090327508,1031376.81,T1,V1,S2,1,1.0,S2,1.4435181198226388e-23,0.9999915862546624,7.852365696877457e-24,0.0,8.41374538072435e-06
2020-09-08,000001.SZ,15.258217962176214,15.695620210425265,15.258217962176214,15.695620210425265,1407601.66,T1,V1,S2,0,1.0,S2,8.413745371363729e-06,0.999991586254435,3.631306709169259e-25,0.0,8.96840863099542e-14
2020-09-09,000001.SZ,15.522693740187268,15.827858099430792,15.39045585118174,15.471833013646682,1013572.47,T1,V3,S2,1,1.0,S2,1.1925728136630468e-33,0.999999999992724,7.390228300876497e-22,0.0,7.188400889581664e-12
2020-09-10,000001.SZ,15.583726612035974,15.746480936965852,15.461660868338564,15.604070902652207,957092.39,T1,V4,S2,1,1.0,S2,1.3235599188425586e-12,0.9999999997776284,1.135169063723321e-20,0.0,2.21057821901606e-10
2020-09-11,000001.SZ,15.441316577722327,15.56338232141974,15.0751193466301,15.268390107484333,954236.25,T1,V4,S2,1,1.0,S2,8.61143946644202e-65,0.999999989096068,9.763299440047054e-22,0.0,1.0903924442688772e-08
2020-09-14,000001.SZ,15.268390107484333,15.56338232141974,15.176840799711274,15.56338232141974,680251.05,T1,V3,S2,1,1.0,S2,1.0903489372188292e-08,0.9999999890931122,1.591937322440947e-22,0.0,3.395789282473023e-12
2020-09-15,000001.SZ,15.461660868338564,15.746480936965852,15.410800141797978,15.614243047960326,657132.67,T1,V4,S2,1,1.0,S2,2.372885161756486e-16,0.999999999962938,1.2207660230518852e-21,0.0,3.695250834556258e-11
2020-09-16,000001.SZ,15.583726612035974,15.80751380881456,15.471833013646682,15.705792355733385,722414.75,T1,V1,S2,1,1.0,S2,9.128855750445458e-13,0.9999999992348876,5.4955841880704105e-25,0.0,7.642881846332743e-10
2020-09-17,000001.SZ,15.80751380881456,15.990612424360672,15.665103774500912,15.83803024473891,988215.63,T1,V3,S2,0,1.0,S2,7.641792042318957e-10,0.9999999992321592,3.4484169156951185e-24,0.0,3.6776052818927816e-12
2020-09-18,000001.SZ,15.888890971279496,16.366981800761017,15.787169518198322,16.346637510144784,1373193.3,T1,V3,S2,0,1.0,S2,2.1637116363363797e-24,0.9999999997116902,1.9412742780364678e-24,0.0,2.8840908373464356e-10
2020-09-21,000001.SZ,16.275432492987964,16.32629321952855,15.980440279052557,16.13302245867432,896161.65,T1,V3,S2,0,1.0,S2,2.6407820993368745e-23,0.999999602561126,1.6456294743962645e-19,0.0,3.974388614261738e-07
2020-09-22,000001.SZ,15.939751697820084,16.112678168058082,15.654931629192795,15.83803024473891,867756.31,T1,V4,S2,0,1.0,S2,3.69520522014268e-32,0.9998014204489684,1.8174780156222537e-14,0.0,0.0001985795509417
2020-09-23,000001.SZ,15.858374535355146,16.102506022749964,15.776997372890206,15.899063116587618,599200.47,T1,V3,S2,0,1.0,S2,2.4315887232648547e-15,0.9912692979422686,6.119195273995265e-13,0.0,0.0087307020570375
2020-09-24,000001.SZ,15.858374535355146,15.87871882597138,15.380283705873625,15.380283705873625,1061011.24,UNK,V1,S5,1,1.0,S2,5.673194825409184e-118,0.7821836975578192,2.253220251501723e-09,0.0,0.217816300189015
2020-09-25,000001.SZ,15.461660868338564,15.573554466727856,15.370111560565508,15.451488723030447,614087.0,UNK,V3,S5,1,4.0,S5,2.337773287437408e-51,0.4418095221421475,1.788208917201684e-10,0.0,0.5581904776789348
2020-09-28,000001.SZ,15.451488723030447,15.63458733857656,15.23787367155998,15.573554466727856,612711.11,UNK,V4,S5,1,4.0,S5,8.916017862918553e-39,0.2428074106832927,2.772998831187281e-11,0.0,0.7571925892889398
2020-09-29,000001.SZ,15.654931629192795,15.675275919809032,15.014086474781395,15.054775056013868,1182374.4,UNK,V3,S5,1,4.0,S5,1.8298090139750865e-169,0.0378156322991174,2.3770531937412532e-08,0.0,0.9621843439303468
2020-09-30,000001.SZ,15.054775056013868,15.532865885495385,15.054775056013868,15.43114443241421,1217064.82,UNK,V3,S5,1,4.0,S5,1.9719745287725232e-36,0.0098888730198225,4.582027340685799e-12,0.0,0.9901111269756386
2020-10-09,000001.SZ,15.56338232141974,15.817685954122677,15.39045585118174,15.441316577722327,900425.93,T2,V4,S4,1,4.0,S5,1.0167531098197228e-57,0.0046068088984143,2.9140538213785825e-25,0.0,0.9953931911015136
2020-10-12,000001.SZ,15.4820051589548,16.32629321952855,15.471833013646682,16.173711039906788,1591347.15,UNK,V1,S5,1,0.0,S5,0.9953931911015136,0.0046068088984132,1.1061768008172093e-33,0.0,1.98278155316759e-14
2020-10-13,000001.SZ,16.173711039906788,16.387326091377254,16.04147315090126,16.336465364836666,908819.48,UNK,V3,S5,1,1.0,S2,1.9827323230263543e-14,1.0,1.9887709711328682e-45,0.0,4.9808531642700555e-19
2020-10-14,000001.SZ,16.31612107422043,16.397498236685372,16.071989586825612,16.305948928912315,662562.36,UNK,V4,S5,1,1.0,S2,4.980853164251934e-19,1.0,4.3175728694695853e-47,0.0,3.2334170402429975e-30
2020-10-15,000001.SZ,16.47887539915031,17.21126986133477,16.428014672609724,16.84507263024254,1600062.32,T1,V1,S1,1,1.0,S2,4.873335663774957e-31,1.0,2.1620891613501894e-51,0.0,1.2376884877228076e-31
2020-10-16,000001.SZ,16.84507263024254,17.669016400200057,16.824728339626304,17.394368476880885,2095614.19,T1,V3,S2,1,1.0,S2,2.0764921026317124e-81,1.0,5.652042804991527e-57,0.0,1.229783583518278e-33
2020-10-19,000001.SZ,17.597811383043236,18.411583007692634,17.597811383043236,17.78090999858935,2016105.52,T1,V3,S2,1,1.0,S2,4.901737442097436e-125,1.0,6.058857286886906e-62,0.0,4.62148853687695e-36
2020-10-20,000001.SZ,17.78090999858935,17.90297574228676,17.546950656502645,17.841942870438054,960071.95,T1,V4,S2,1,1.0,S2,7.176826927950625e-134,1.0,7.891870811262944e-68,0.0,5.194202802303218e-38
2020-10-21,000001.SZ,17.94366432351923,18.30986155461146,17.628327818967584,18.2183122468384,1244560.18,T1,V1,S2,0,1.0,S2,3.109022122607457e-206,1.0,2.0101313495521654e-70,0.0,1.6130648481447627e-40
2020-10-22,000001.SZ,18.24882868276276,18.81846882001733,17.597811383043236,17.862287161054287,1890519.05,T1,V3,S2,1,1.0,S2,3.519369131943652e-95,1.0,6.166333254767937e-71,0.0,3.5980219096935397e-40
2020-10-23,000001.SZ,17.83177072512994,19.103288888644624,17.83177072512994,18.442099443616986,1698501.68,T1,V4,S2,0,1.0,S2,8.650199292420182e-201,1.0,1.120448501133119e-69,0.0,8.377748433750578e-42
2020-10-26,000001.SZ,18.513304460773806,18.604853768546864,17.750393562664996,18.004697195367932,1175598.65,T1,V3,S2,0,1.0,S2,2.9791013160096967e-73,1.0,3.392000657464812e-70,0.0,1.2167052178897299e-41
2020-10-27,000001.SZ,18.30986155461146,18.30986155461146,17.801254289205584,18.06573006721664,1034865.04,T1,V4,S2,1,1.0,S2,2.477574781900652e-87,1.0,8.908483960342789e-68,0.0,3.1348426276132755e-41
2020-10-28,000001.SZ,18.06573006721664,18.20814010153028,17.587639237735115,17.93349217821111,1205823.86,T1,V1,S2,1,1.0,S2,2.9367109417030665e-60,1.0,3.1750174125025166e-67,0.0,2.107826218334247e-40
2020-10-29,000001.SZ,17.841942870438054,18.238656537454634,17.648672109583824,18.07590221252476,846603.62,T1,V3,S2,0,1.0,S2,5.750872101536729e-69,1.0,2.1691383246102264e-66,0.0,5.718968119053126e-40
2020-10-30,000001.SZ,18.0453857766004,18.676058785703685,17.90297574228676,18.05555792190852,1007803.83,T1,V3,S2,0,1.0,S2,2.1185574503426948e-55,1.0,8.826905876879384e-65,0.0,2.307149213330732e-39
2020-11-02,000001.SZ,17.953836468827344,18.360722281152047,17.628327818967584,17.93349217821111,968452.77,T1,V1,S2,1,1.0,S2,4.4525230211854145e-42,1.0,3.5170930489876943e-62,0.0,1.0312890271915183e-37
2020-11-03,000001.SZ,18.01486934067605,18.65571449508745,18.004697195367932,18.26917297337899,957868.63,T1,V3,S2,1,1.0,S2,2.1968320456457694e-50,1.0,4.122538102743255e-61,0.0,2.031939086953997e-37
2020-11-04,000001.SZ,18.66588664039557,18.798124529401097,18.26917297337899,18.63537020447122,1247636.4,T1,V3,S2,0,1.0,S2,3.122835809703568e-56,1.0,5.881141346210175e-59,0.0,1.4848927111790368e-37
2020-11-05,000001.SZ,18.686230931011806,18.81846882001733,17.841942870438054,18.004697195367932,1429469.44,UNK,V3,S5,0,1.0,S2,2.6843330282269497e-71,1.0,4.11990370232968e-50,0.0,1.2742224428283035e-34
2020-11-06,000001.SZ,18.01486934067605,18.05555792190852,17.516434220578294,17.94366432351923,848781.53,UNK,V3,S5,0,1.0,S2,9.944461052581522e-53,1.0,1.2687474429341204e-41,0.0,4.7885657225062045e-32
2020-11-09,000001.SZ,17.974180759443584,18.30986155461146,17.841942870438054,18.147107229681577,951424.32,UNK,V1,S5,0,1.0,S2,1.3182338315374814e-35,1.0,2.346278290565539e-37,0.0,1.2801755807237982e-28
2020-11-10,000001.SZ,18.30986155461146,18.81846882001733,18.238656537454634,18.42175515300075,1021062.81,UNK,V3,S5,0,1.0,S2,3.7176157173257544e-30,1.0,7.336608697061207e-35,0.0,2.7920013910727027e-25
2020-11-11,000001.SZ,18.513304460773806,18.615025913854986,17.90297574228676,18.116590793757226,940130.07,UNK,V3,S5,1,1.0,S2,1.0425460856213219e-103,1.0,2.6521232132553068e-30,0.0,1.0569424730418489e-21
2020-11-12,000001.SZ,18.116590793757226,18.24882868276276,17.750393562664996,17.964008614135462,677258.48,UNK,V3,S5,1,1.0,S2,2.5446579527239517e-121,1.0,2.4522080671416e-27,0.0,4.622542630127457e-19
2020-11-13,000001.SZ,17.719877126740645,17.77073785328123,16.97731051924807,17.475745639345824,1289189.23,UNK,V4,S5,1,1.0,S2,4.646325854730065e-232,1.0,1.4193188527612556e-24,0.0,7.839899110817119e-17
2020-11-16,000001.SZ,17.37402418626465,17.730049272048763,17.190925570718534,17.669016400200057,759856.93,UNK,V3,S5,1,1.0,S2,1.1967342324265408e-121,1.0,4.043018002382451e-25,0.0,1.720055988547823e-15
2020-11-17,000001.SZ,17.679188545508172,18.238656537454634,17.546950656502645,18.13693508437346,852930.51,UNK,V4,S5,1,1.0,S2,2.110518297145261e-54,1.0,7.001406454488492e-27,0.0,2.0148554258841772e-14
2020-11-18,000001.SZ,18.086074357832874,18.81846882001733,18.05555792190852,18.777780238784864,1373400.72,UNK,V3,S5,1,1.0,S2,1.8745617237149015e-14,1.0,1.3512371654511789e-36,0.0,4.8843704481631294e-14
2020-11-19,000001.SZ,18.910018127790387,19.30673179480697,18.615025913854986,19.174493905801445,1211740.62,UNK,V3,S5,1,1.0,S2,4.8843704466061e-14,1.0,6.629198711667351e-46,0.0,2.6636520496461077e-21
2020-11-20,000001.SZ,19.154149615185208,19.31690394011509,18.838813110633566,19.184666051109563,673919.22,T1,V4,S2,1,1.0,S2,2.6636520494922737e-21,1.0,1.7153918105458253e-42,0.0,7.74513359145899e-30
2020-11-23,000001.SZ,19.174493905801445,19.957749094526488,19.123633179260857,19.957749094526488,1165858.26,T1,V1,S2,1,1.0,S2,2.3099141515307004e-57,1.0,1.1723930133654394e-39,0.0,1.207511447643634e-26
2020-11-24,000001.SZ,19.957749094526488,20.0187819663752,19.5000025556612,19.69327331651544,678543.23,T1,V3,S2,1,1.0,S2,3.319832247780516e-32,1.0,8.114100112294432e-51,0.0,1.3713759102768188e-21
2020-11-25,000001.SZ,19.81533906021285,20.039126256991427,19.377936811963792,19.38810895727191,552585.01,T1,V4,S2,1,1.0,S2,1.3713759102761953e-21,1.0,7.462349857970777e-49,0.0,4.0654763810158326e-33
2020-11-26,000001.SZ,19.377936811963792,19.947576949218373,19.35759252134756,19.83568335082908,639657.89,T1,V3,S2,1,1.0,S2,3.89037705186151e-34,1.0,1.9563239324093854e-50,0.0,1.0299406904996748e-33
2020-11-27,000001.SZ,20.34429061623496,20.34429061623496,19.713617607131667,20.039126256991427,753773.74,T1,V3,S2,0,1.0,S2,2.734445993128157e-40,1.0,6.228449129945272e-52,0.0,8.158871007922133e-35
2020-11-30,000001.SZ,20.24256916315377,21.23943940334929,19.927232658602133,20.079814838223896,1581441.28,T1,V4,S2,0,1.0,S2,8.797733566156217e-42,1.0,4.688041515900095e-47,0.0,8.081414072789627e-34
2020-12-01,000001.SZ,20.039126256991427,20.863070026948947,19.733961897747903,20.39515134277554,1263719.75,T1,V1,S2,0,1.0,S2,2.360261702371575e-66,1.0,2.064954479132669e-41,0.0,3.6830626810836064e-27
2020-12-02,000001.SZ,20.27308559907813,20.405323488083656,19.856027641445312,19.96792123983461,889385.29,T1,V3,S2,0,1.0,S2,4.49114804714349e-33,1.0,7.790875161606134e-33,0.0,1.9748113316385764e-19
2020-12-03,000001.SZ,20.12050341945637,20.20188058192131,19.5000025556612,19.876371932061545,714452.3,T1,V3,S2,0,1.0,S2,1.947581751632152e-24,0.9999999999990904,4.929651737105257e-25,0.0,9.73111704979594e-13
2020-12-04,000001.SZ,19.805166914904724,19.805166914904724,19.29655964949885,19.63224044466673,891347.84,UNK,V4,S5,0,1.0,S2,5.423474381547445e-28,0.9999996295267242,9.94379154201879e-19,0.0,3.704731851189553e-07
2020-12-07,000001.SZ,19.64241258997485,19.723789752439785,19.001567435563445,19.23552677765015,873806.61,UNK,V3,S5,0,1.0,S2,3.8931454559466736e-58,0.9964116404513262,4.4741693259710374e-13,0.0,0.0035883595481662
2020-12-08,000001.SZ,19.245698922958265,19.35759252134756,18.848985255941685,19.0320838714878,719647.51,UNK,V3,S5,1,1.0,S2,1.6651753638767131e-68,0.6862951729148711,7.46773987015873e-10,0.0,0.3137048263383573
2020-12-09,000001.SZ,19.11346103395273,19.377936811963792,19.001567435563445,19.0320838714878,677221.15,UNK,V4,S5,1,4.0,S5,2.825535117887309e-64,0.1119610661931415,2.144623079445732e-09,0.0,0.8880389316622388
2020-12-10,000001.SZ,19.05242816210404,19.2050103417258,18.767608093476746,18.971050999639093,607866.55,UNK,V1,S5,1,4.0,S5,8.3128579450045e-82,0.0034869802463194,5.085876588589336e-10,0.0,0.9965130192451536
2020-12-11,000001.SZ,19.0320838714878,19.123633179260857,18.533648751390043,18.838813110633566,887793.87,UNK,V3,S5,0,4.0,S5,4.1123807741517595e-112,3.8732850347999136e-05,4.6398863657316035e-10,0.0,0.9999612666857076
2020-12-14,000001.SZ,18.92019027309851,19.38810895727191,18.81846882001733,19.2050103417258,835991.74,UNK,V2,S5,0,4.0,S5,2.064203487994562e-50,2.439781217342313e-06,8.003135341117428e-13,0.0,0.9999975602179552
2020-12-15,000001.SZ,19.123633179260857,19.174493905801445,18.46244373423322,19.062600307412147,788857.94,UNK,V3,S5,0,4.0,S5,1.1786785163493683e-101,2.0463953317287973e-07,9.177454341692132e-12,0.0,0.9999997953512076
2020-12-16,000001.SZ,19.123633179260857,19.42879753850438,18.89984598248227,19.337248230731326,689070.42,UNK,V4,S5,0,4.0,S5,1.9490252396465221e-38,4.9364671156944025e-08,9.73414310521866e-14,0.0,0.99999995063513
2020-12-17,000001.SZ,19.23552677765015,19.398281102580025,18.92019027309851,19.276215358882617,686140.69,UNK,V3,S5,0,4.0,S5,3.979122913987642e-57,9.688155391185693e-09,5.809834202087012e-13,0.0,0.9999999903111528
2020-12-18,000001.SZ,19.327076085423204,19.42879753850438,18.54382089669816,18.676058785703685,1058756.36,UNK,V1,S5,0,4.0,S5,8.784030455551611e-167,2.478558001548013e-10,2.289258254237182e-09,0.0,0.9999999974629644
2020-12-21,000001.SZ,18.615025913854986,18.96087885433097,18.34037799053581,18.59468162323875,906878.11,UNK,V3,S5,1,4.0,S5,5.269413156554131e-112,1.4785825108607596e-12,4.139533011211775e-10,0.0,0.9999999995845884
2020-12-22,000001.SZ,18.676058785703685,18.971050999639093,18.187795810914047,18.20814010153028,1028737.51,UNK,V4,S5,1,4.0,S5,2.72380698506182e-185,1.2023435241301176e-15,1.5046477897041056e-08,0.0,0.9999999849535472
2020-12-23,000001.SZ,18.26917297337899,18.38106657176828,18.09624650314099,18.30986155461146,750082.73,UNK,V3,S5,1,4.0,S5,1.5871824423472696e-112,2.780356882330144e-19,9.338046596141967e-10,0.0,0.9999999990661764
2020-12-24,000001.SZ,18.46244373423322,18.80829667470921,18.360722281152047,18.57433733262252,632950.12,T2,V4,S4,1,4.0,S5,1.0393036477788892e-57,1.731353338518671e-22,1.1567599588968686e-11,0.0,0.999999999988404
2020-12-25,000001.SZ,18.57433733262252,18.57433733262252,18.106418648449107,18.350550135843925,577077.33,UNK,V3,S5,1,4.0,S5,1.430125472166957e-104,5.708061477284638e-26,1.0255179610503225e-13,0.0,1.0
2020-12-28,000001.SZ,18.33020584522769,19.184666051109563,18.26917297337899,19.174493905801445,1270337.06,T2,V2,S5,0,0.0,S5,0.9998431512994924,5.710044658681368e-26,6.118052242341789e-21,0.0,0.0001568487004062
2020-12-29,000001.SZ,19.19483819641768,19.63224044466673,19.02191172617968,19.5000025556612,963092.23,UNK,V3,S5,1,1.0,S2,0.0001555017715212,0.9998431512994924,2.824530664052519e-20,0.0,1.34692888693369e-06
2020-12-30,000001.SZ,19.327076085423204,19.530518991585552,19.04225601679592,19.530518991585552,978497.78,UNK,V4,S5,1,1.0,S2,1.870406868288263e-09,0.9999983506575022,1.824781559686397e-25,0.0,1.647472085823419e-06
2020-12-31,000001.SZ,19.54069113689368,19.91706051329401,19.34742037603944,19.6729290258992,924503.43,UNK,V1,S5,1,1.0,S2,1.647471926823823e-06,0.9999983525276476,1.118368654382996e-24,0.0,4.886169500487459e-13
2021-01-04,000001.SZ,19.42879753850438,19.42879753850438,18.757435948168627,18.92019027309851,1554216.43,T2,V3,S4,1,1.0,S2,2.84161238087641e-79,0.9999999999856756,5.923527397386601e-20,0.0,1.432780744333202e-11
2021-01-05,000001.SZ,18.71674736693616,18.798124529401097,18.106418648449107,18.48278802484945,1821352.1,UNK,V3,S5,1,1.0,S2,1.2997152606265308e-92,0.999999999962938,4.430547244769028e-19,0.0,3.7135988806702585e-11
2021-01-06,000001.SZ,18.391238717076394,19.896716222677785,18.30986155461146,19.896716222677785,1934945.12,UNK,V4,S5,1,1.0,S2,1.5346703309461537e-22,0.9999999999606644,2.1377415787185734e-29,0.0,3.937138538826128e-11
2021-01-07,000001.SZ,19.85608128285032,20.324001231114213,19.561088271988307,20.242623848807447,1584185.3,UNK,V3,S5,1,1.0,S2,3.9371065071854255e-11,0.9999999999606644,1.3206331717746065e-43,0.0,3.7757908898286925e-16
2021-01-08,000001.SZ,20.242623848807447,20.446067304574363,19.64246565429507,20.19176298486572,1195473.22,UNK,V4,S5,1,1.0,S2,3.775790889827834e-16,1.0,9.667782720735248e-46,0.0,3.1414841701964336e-31
2021-01-11,000001.SZ,20.344345576690905,20.995364635145016,20.344345576690905,20.73088814264804,1790457.14,UNK,V1,S5,1,1.0,S2,1.239951859724631e-49,1.0,5.6000385453205676e-49,2.0075681565965097e-239,1.639767330983267e-32
2021-01-12,000001.SZ,20.74106031543638,21.36156285552545,20.527444686881125,21.36156285552545,1288165.5,UNK,V3,S5,1,1.0,S2,3.5488895399142923e-116,1.0,9.27515851049745e-46,2.065043402672597e-126,3.0023260125814936e-33
2021-01-13,000001.SZ,21.36156285552545,21.3717350283138,20.751232488224726,21.05639767187509,1049119.73,T1,V3,S1,1,1.0,S2,1.7913312622214718e-61,1.0,1.1454335006371063e-53,3.036182403038589e-156,4.9455304344631626e-27
2021-01-14,000001.SZ,21.0360533262984,21.24966895485365,20.293484712749176,20.51727251409278,1130155.62,T1,V4,S2,1,1.0,S2,4.9455304169931885e-27,1.0,8.290759561242199e-52,6.17553516663042e-136,8.745742306117045e-34
2021-01-15,000001.SZ,21.36156285552545,22.327919270418267,21.178463745335232,21.36156285552545,2480688.98,T1,V3,S2,1,1.0,S2,3.2302517467531325e-103,1.0,1.530252988683855e-56,4.1360212994500344e-111,1.8434046114383215e-34
2021-01-18,000001.SZ,21.56500631129236,23.172209611850946,21.56500631129236,23.090832229544176,2157301.78,T1,V3,S2,0,1.0,S2,0.0,1.0,2.824983784852792e-63,0.0,8.805233383856456e-40
2021-01-19,000001.SZ,22.89756094656562,23.23324264858101,22.429640998301725,22.72463400916374,1242088.34,T1,V3,S2,1,1.0,S2,1.3729163918565476e-160,1.0,1.8020813057380654e-74,0.0,1.6368539138358676e-43
2021-01-20,000001.SZ,22.531362726185176,23.365480894829503,22.500846207820143,22.85687225541223,1280793.16,T1,V4,S2,1,1.0,S2,6.474682290941334e-204,1.0,2.6220861978575516e-75,0.0,4.376338185453369e-44
2021-01-21,000001.SZ,22.887388773777268,23.192553957427634,22.531362726185176,22.61274010849194,944778.6,T1,V4,S2,1,1.0,S2,2.667230050422916e-136,1.0,1.3740247376013896e-73,0.0,3.6885324336833885e-43
2021-01-22,000001.SZ,22.61274010849194,22.61274010849194,21.880343667731072,22.40929665272504,924434.42,T1,V3,S2,1,1.0,S2,1.9925077674818057e-99,1.0,3.591738350105803e-71,0.0,6.849587056526824e-41
2021-01-25,000001.SZ,22.093959296286325,22.98911050166073,21.798966285424303,22.877216600988923,1028365.27,T1,V4,S2,1,1.0,S2,8.163326390607654e-134,1.0,2.561609148539021e-68,5.716e-320,8.541248252672222e-40
2021-01-26,000001.SZ,22.683945318010363,23.7215069424216,22.683945318010363,22.755150527528777,1126720.55,T1,V3,S2,1,1.0,S2,2.0582621781912476e-86,1.0,1.4454905410602156e-70,0.0,4.462434739869132e-39
2021-01-27,000001.SZ,22.694117490798703,23.87408953424677,22.694117490798703,23.477374795501305,1294152.72,T1,V4,S2,1,1.0,S2,2.0094911663139207e-155,1.0,1.6166699174070458e-69,0.0,6.703037191202691e-40
2021-01-28,000001.SZ,23.172209611850946,23.57909652338476,22.836527909835542,23.20272613021597,857476.96,T1,V3,S2,1,1.0,S2,1.264608997623015e-83,1.0,7.152608496330758e-72,0.0,5.131259002634381e-39
2021-01-29,000001.SZ,23.20272613021597,23.9452947437652,23.101004402332524,23.487546968289653,1240258.41,T1,V4,S2,1,1.0,S2,7.466461518877899e-98,1.0,2.881810207102686e-73,0.0,1.0312622107742532e-38
2021-02-01,000001.SZ,23.39599741319454,25.42025979807529,23.090832229544176,24.972684195388087,1475239.3,T1,V4,S2,1,1.0,S2,6.889833466683141e-253,1.0,3.8170429129170434e-67,0.0,9.387187951018431e-42
2021-02-02,000001.SZ,23.782539979151668,24.51493641991254,23.30444785809944,23.680818251268217,2416168.77,T1,V3,S2,1,1.0,S2,5.4676551641109983e-70,1.0,3.1402218409204054e-67,0.0,1.335603047195886e-37
2021-02-03,000001.SZ,23.88426170703513,25.61353108105385,23.782539979151668,25.379571106921905,1923271.59,T1,V4,S2,0,1.0,S2,3.40204713749439e-175,1.0,2.4366939408502786e-56,0.0,1.710618570599303e-38
2021-02-04,000001.SZ,24.596313802219303,25.674564117783923,24.453903383182467,25.023545059329816,1255247.5,T1,V3,S2,0,1.0,S2,3.839032127297454e-53,1.0,6.58889161715749e-56,0.0,2.554041555790068e-40
2021-02-05,000001.SZ,25.023545059329816,25.745769327302337,24.687863357314416,25.359226761345216,1015575.59,T1,V4,S2,0,1.0,S2,1.283137095450711e-68,1.0,1.078577217337558e-48,0.0,5.482576489193292e-40
2021-02-08,000001.SZ,25.32871024298018,25.32871024298018,24.51493641991254,25.226988515096725,1084264.67,T1,V4,S2,0,1.0,S2,1.6382603386780012e-48,1.0,2.724927215243768e-42,0.0,9.644893471452456e-35
2021-02-09,000001.SZ,25.21681634230838,25.267677206250102,24.58614162943096,25.003200713753124,942093.55,T1,V4,S2,0,1.0,S2,2.8586890219063664e-41,1.0,8.010942268089277e-35,0.0,1.5952167531839268e-24
2021-02-10,000001.SZ,25.023545059329816,25.38974327971025,23.782539979151668,24.23011558183887,1918867.1,UNK,V3,S5,0,1.0,S2,3.619834572050138e-79,1.0,8.015161105602591e-27,0.0,1.316174291014592e-14
2021-02-18,000001.SZ,24.41321469202909,24.972684195388087,23.88426170703513,24.718379875679453,1505230.81,UNK,V3,S5,0,1.0,S2,3.609288576966929e-36,0.9999999643498548,1.1456394826592429e-17,0.0,3.565018123658644e-08
2021-02-19,000001.SZ,24.372526000875705,24.60648597500765,23.975811262130232,24.260632100203907,922583.14,UNK,V4,S5,0,1.0,S2,2.6610055442649862e-121,0.9986661623579408,1.8864583928607444e-13,0.0,0.0013338376419459
2021-02-22,000001.SZ,24.20977123626218,24.20977123626218,22.64325662685697,22.765322700317125,1956842.48,UNK,V2,S5,0,4.0,S5,0.0,0.0547786083148905,2.7194995747558763e-11,0.0,0.9452213916579896
2021-02-23,000001.SZ,22.765322700317125,23.070487883967488,22.19568102416978,22.30757492484157,1870460.13,UNK,V3,S5,0,4.0,S5,0.0,1.2757100472466198e-06,5.19647356778935e-10,0.0,0.9999987237703366
2021-02-24,000001.SZ,22.65342879964533,22.66360097243367,21.9312045316728,22.541534898973524,1428499.85,UNK,V4,S5,1,4.0,S5,2.114533924968261e-262,1.5008463340609585e-13,3.9964171751274317e-13,0.0,0.9999999999995453
2021-02-25,000001.SZ,22.785667045893813,22.94842181050734,22.05327060513294,22.470329689455102,1593403.47,UNK,V4,S5,1,4.0,S5,1.4069268558e-313,4.930562570625003e-23,2.725267683323393e-16,0.0,1.0
2021-02-26,000001.SZ,21.97189322282618,22.33809144320661,21.575178484080705,21.748105421482578,1124977.3,UNK,V1,S5,1,4.0,S5,0.0,5.657974531841858e-36,2.4369623736690418e-17,0.0,1.0
2021-03-01,000001.SZ,21.910860186096105,22.05327060513294,21.54466196571567,21.819310631000995,1125386.53,UNK,V3,S5,1,4.0,S5,0.0,8.299905820642979e-42,2.8955491756467355e-17,0.0,1.0
2021-03-02,000001.SZ,21.99223756840287,22.531362726185176,21.626039348022434,22.022754086767904,1473425.05,UNK,V1,S5,0,4.0,S5,1.1032029602513502e-249,4.6848258076127116e-42,2.1524292046023973e-19,0.0,1.0
2021-03-03,000001.SZ,21.951548877249483,23.477374795501305,21.829482803789343,23.40616958598289,1919635.27,UNK,V3,S5,0,4.0,S5,1.6437054583355299e-40,3.5176163451054757e-37,1.1838561653035838e-21,0.0,1.0
2021-03-04,000001.SZ,23.1620374390626,23.894433879823467,23.039971365602447,23.314620030887777,1213579.37,UNK,V3,S5,0,4.0,S5,2.1776513021869096e-111,1.8265699927671238e-35,3.2973705712265645e-21,0.0,1.0
2021-03-05,000001.SZ,23.090832229544176,23.37565306761785,22.23636971532316,22.72463400916374,880171.41,UNK,V1,S5,0,4.0,S5,6.8208288035197985e-158,1.0472984095667686e-34,1.4429929343870888e-17,0.0,1.0
2021-03-08,000001.SZ,22.8263557370472,23.08066005675584,21.849827149366035,21.97189322282618,993773.97,UNK,V3,S5,0,4.0,S5,1.4853779325366215e-202,1.8085690273101245e-35,3.1673938731940525e-15,0.0,1.0
2021-03-09,000001.SZ,22.05327060513294,22.29740275205324,20.93433159841494,21.20898026370028,1361895.33,UNK,V3,S5,1,4.0,S5,5.404816418837132e-248,1.5988553420454531e-37,1.3790130457302688e-14,0.0,1.0
2021-03-10,000001.SZ,21.198808090911925,21.270013300430342,20.62916641476458,20.751232488224726,1149416.57,UNK,V3,S5,1,4.0,S5,4.282093098047059e-232,3.9128800252618176e-39,1.4091696654005066e-13,0.0,0.9999999999997726
2021-03-11,000001.SZ,20.93433159841494,21.748105421482578,20.91398725283825,21.63621152081078,1048659.39,UNK,V4,S5,1,4.0,S5,4.425519313400012e-53,9.540437951768254e-38,5.412610272752406e-15,0.0,1.0
2021-03-12,000001.SZ,21.73793324869424,22.07361495070964,21.56500631129236,21.849827149366035,697200.6,T4,V3,S4,0,4.0,S5,1.424036385669963e-71,4.8769012728622994e-36,3.00682611277049e-16,0.0,1.0
2021-03-15,000001.SZ,21.76844976705927,22.500846207820143,21.47345675619725,21.97189322282618,958748.7,T2,V4,S4,0,4.0,S5,3.5743265726223157e-60,5.398423693871617e-34,1.4010201605522651e-14,0.0,1.0
2021-03-16,000001.SZ,21.97189322282618,22.4906740350318,21.63621152081078,22.03292625955625,939684.32,T2,V2,S5,0,4.0,S5,8.354632324704126e-54,2.413665286100526e-32,9.158432303439457e-13,0.0,0.9999999999990904
2021-03-17,000001.SZ,21.819310631000995,21.92103235888445,21.259841127642,21.56500631129236,821488.65,UNK,V1,S5,0,4.0,S5,5.379780651529933e-106,3.9217575868985347e-32,9.261669961815525e-11,0.0,0.9999999999074588
2021-03-18,000001.SZ,21.66672803917581,22.10413146907467,21.36156285552545,22.10413146907467,691610.19,T2,V3,S4,0,4.0,S5,2.1959811387446122e-23,9.929341510517831e-31,2.0344265686505764e-11,0.0,0.9999999999797636
2021-03-19,000001.SZ,21.90068801330776,22.022754086767904,20.72071596985969,20.82243769774314,1525622.27,UNK,V3,S5,1,4.0,S5,1.6002235807264085e-282,2.195981152076643e-23,7.162835070802716e-08,0.0,0.9999999283716104
2021-03-22,000001.SZ,20.903815080049903,21.92103235888445,20.88347073447321,21.92103235888445,1451190.08,T2,V3,S4,0,4.0,S5,6.507524962960847e-16,3.1162024419272456e-25,6.37678439908628e-12,0.0,0.9999999999936336
2021-03-23,000001.SZ,21.941376704461145,22.022754086767904,21.32087416437207,21.5955228296574,682903.38,T2,V4,S4,1,4.0,S5,4.5646752035154006e-85,6.507524963065901e-16,1.377763600531916e-09,0.0,0.9999999986223428
2021-03-24,000001.SZ,21.575178484080705,21.646383693599127,20.802093352166448,20.88347073447321,850085.07,UNK,V4,S5,1,4.0,S5,4.178156094078265e-161,4.377827607812745e-18,2.5758003794568778e-08,0.0,0.9999999742419736
2021-03-25,000001.SZ,20.93433159841494,21.188635918123577,20.751232488224726,21.10725853581681,492665.74,UNK,V3,S5,1,4.0,S5,1.2151854857048218e-65,2.703626405249102e-20,1.492939880843701e-09,0.0,0.9999999985070644
2021-03-26,000001.SZ,21.198808090911925,21.76844976705927,21.117430708605163,21.50397327456229,822108.06,T2,V4,S4,1,4.0,S5,9.757026019091305e-30,1.3188885370876081e-21,2.9296464239472637e-10,0.0,0.9999999997071428
2021-03-29,000001.SZ,21.646383693599127,22.022754086767904,21.56500631129236,21.859999322154376,785666.68,T2,V3,S4,1,4.0,S5,1.3851362428371565e-12,7.583559564238772e-22,2.0819632748551336e-12,0.0,0.9999999999965894
2021-03-30,000001.SZ,21.748105421482578,22.30757492484157,21.575178484080705,22.30757492484157,738654.81,T2,V2,S5,0,0.0,S5,0.9934850604488292,1.385136243575384e-12,4.35873534873109e-12,0.0,0.0065149395455038
2021-03-31,000001.SZ,22.14482016022805,22.449985343878414,21.97189322282618,22.388952307148344,777028.07,T2,V3,S4,0,1.0,S2,0.0008500818809145,0.9934850604501844,7.464586053693441e-11,0.0,0.0056648575943238
2021-04-01,000001.SZ,22.46015751666676,22.4906740350318,21.870171494942724,22.1549923330164,544448.98,T2,V1,S5,0,1.0,S2,2.8954304160616997e-16,0.9866513111849374,8.46524002546597e-10,0.0,0.0133486879684328
2021-04-02,000001.SZ,22.07361495070964,22.10413146907467,21.72776107590589,21.870171494942724,581083.52,T2,V3,S4,0,1.0,S2,3.6722501090537118e-28,0.9506199393387638,1.8446358749771554e-09,0.0,0.049380058816685
2021-04-06,000001.SZ,21.92103235888445,22.470329689455102,21.880343667731072,22.05327060513294,401102.82,T2,V3,S4,0,1.0,S2,2.302811613304113e-08,0.8862578024441312,2.9532472139072776e-10,0.0,0.1137421742325108
2021-04-07,000001.SZ,22.25671406089985,22.30757492484157,21.67690021196416,22.012581913979563,517604.59,T2,V4,S4,0,1.0,S2,1.2732913337512672e-14,0.7994549935276061,1.2172657492882094e-09,0.0,0.2005450052550865
2021-04-08,000001.SZ,21.829482803789343,22.10413146907467,21.69724455754085,21.9312045316728,383029.5,T2,V1,S5,0,1.0,S2,1.199570701593094e-22,0.6263186479741532,1.2537987857361767e-09,0.0,0.3736813507719542
2021-04-09,000001.SZ,22.083787123497977,22.093959296286325,21.44294023783221,21.66672803917581,398960.28,T2,V3,S4,0,4.0,S5,1.8018637554742808e-42,0.3110664726167936,3.2888384988090567e-09,0.0,0.6889335240943841
2021-04-12,000001.SZ,21.880343667731072,21.880343667731072,20.985192462356668,21.05639767187509,594743.14,UNK,V3,S5,1,4.0,S5,6.735058995183606e-114,0.0421338168399311,4.9993832760351225e-08,0.0,0.9578661331662892
2021-04-13,000001.SZ,21.07674201745177,21.239496782065302,20.94450377120329,21.13777505418185,499904.18,UNK,V3,S5,1,4.0,S5,1.81509624026749e-67,0.0018108186545108,4.913859452576479e-10,0.0,0.9981891808540888
2021-04-14,000001.SZ,21.1479472269702,21.30052981879538,20.77157683380141,21.025881153510056,537438.49,UNK,V1,S5,1,4.0,S5,1.26673469234396e-93,5.506694671917263e-05,1.572090307525727e-09,0.0,0.9999449314811668
2021-04-15,000001.SZ,21.117430708605163,21.127602881393507,20.425722958997667,20.71054379707134,735865.05,UNK,V3,S5,1,4.0,S5,3.4807874040275685e-139,4.4797055596906796e-07,1.0071683307718656e-08,0.0,0.9999995419576548
2021-04-16,000001.SZ,20.71054379707134,20.781749006589763,20.15107429371234,20.60882206918789,729998.26,UNK,V3,S5,1,4.0,S5,9.445335654066571e-133,1.0249999444160727e-09,4.712012583479558e-09,0.0,0.9999999942629074
2021-04-19,000001.SZ,20.374862095055946,21.605695002445746,20.2527960215958,21.514145447350632,1112282.62,T2,V4,S4,1,4.0,S5,8.537679510014553e-11,3.274727242652093e-11,2.9422682173466167e-41,0.0,0.9999999998817656
2021-04-20,000001.SZ,21.44294023783221,22.327919270418267,21.28018547321869,22.06344277792129,834772.72,T2,V3,S4,1,0.0,S5,0.9999999998817656,1.1812406751615378e-10,2.4544086169304284e-43,0.0,7.153696983162777e-29
2021-04-21,000001.SZ,22.683945318010363,23.589268696173107,22.67377314522201,23.40616958598289,1597099.65,UNK,V4,S5,1,1.0,S2,2.991157052837116e-80,1.0,1.8875216832263235e-47,0.0,1.852830577248329e-31
2021-04-22,000001.SZ,23.589268696173107,23.62995738732649,23.172209611850946,23.37565306761785,829693.88,UNK,V3,S5,1,1.0,S2,6.883828042166977e-48,1.0,2.6291812332298747e-48,1.2656826501621633e-190,3.361119943108862e-33
2021-04-23,000001.SZ,23.7215069424216,24.057188644436994,23.46720262271296,23.69099042405656,823230.15,UNK,V1,S5,0,1.0,S2,2.889671960907908e-95,1.0,2.3130887037059007e-48,4.1966239e-316,3.992222168772202e-34
2021-04-26,000001.SZ,24.2809764457806,24.647174666161032,23.29427568531109,23.33496437646447,872417.67,UNK,V3,S5,1,1.0,S2,1.126423654925923e-43,1.0,3.3803161911896324e-46,0.0,7.415904988151752e-34
2021-04-27,000001.SZ,23.345136549252818,23.589268696173107,23.253586994157704,23.33496437646447,470431.4,UNK,V3,S5,1,1.0,S2,1.0422477811328457e-51,1.0,1.9950345562529936e-46,0.0,1.854643039512475e-33
2021-04-28,000001.SZ,23.69099042405656,23.85374518867009,23.172209611850946,23.752023460786635,593837.93,UNK,V1,S5,1,1.0,S2,1.8765634414865976e-94,1.0,9.624059821624102e-49,0.0,2.162998207029816e-34
2021-04-29,000001.SZ,23.741851287998287,24.118221681167068,23.50789131386634,23.996155607706925,614836.88,UNK,V3,S5,0,1.0,S2,1.0061190787000167e-101,1.0,6.63724338447952e-51,0.0,5.090856829346136e-36
2021-04-30,000001.SZ,23.752023460786635,23.894433879823467,23.40616958598289,23.69099042405656,561981.32,UNK,V4,S5,1,1.0,S2,1.252903563355451e-47,1.0,9.840149842256524e-52,1.8055058751286586e-289,1.1810620065264346e-35
2021-05-06,000001.SZ,23.497719141078,24.108049508378723,23.497719141078,23.90460605261181,500295.22,UNK,V3,S5,0,1.0,S2,1.3100408983748138e-70,1.0,1.1894032338653035e-53,1.7295981517662237e-233,1.22371827501886e-35
2021-05-07,000001.SZ,24.07753299001369,24.718379875679453,23.792712151940016,24.46407555597081,802214.21,UNK,V4,S5,0,1.0,S2,7.046392487765501e-122,1.0,8.497268302667168e-53,0.0,2.4672827627145376e-37
2021-05-10,000001.SZ,24.41321469202909,24.453903383182467,23.41634175877123,24.27080427299225,661438.9,UNK,V3,S5,0,1.0,S2,7.23802127528536e-67,1.0,1.2304778546213918e-49,2.5172117634321927e-296,2.778551883925485e-34
2021-05-11,000001.SZ,24.02667212607196,24.15891037232045,23.457030449924613,23.93512257097685,497223.45,UNK,V4,S5,1,1.0,S2,2.7764086256153853e-34,1.0,6.2864386468347e-41,9.811000653723134e-198,1.102622925881616e-28
2021-05-12,000001.SZ,23.69099042405656,24.047016471648654,23.2739313397344,23.95546691655354,533265.26,UNK,V3,S5,1,1.0,S2,3.931062772873311e-33,1.0,5.956450942385106e-34,2.8367083136512868e-241,2.5149430013337127e-21
2021-05-13,000001.SZ,23.924950398188503,23.996155607706925,23.23324264858101,23.46720262271296,549652.5,T1,V1,S1,1,1.0,S2,1.8261433165382058e-21,1.0,2.4084276711498992e-30,0.0,1.3185264287822818e-15
2021-05-14,000001.SZ,23.72345254256229,24.020764609863207,23.1698369689675,23.907991067093896,563785.36,T1,V3,S2,1,1.0,S2,1.3183240536226553e-15,1.0,1.4239755801232615e-30,0.0,1.6182405581289534e-15
2021-05-17,000001.SZ,23.733704682814047,24.420598079681668,23.528661877778937,24.195050994143045,527564.65,T1,V4,S2,0,1.0,S2,1.6181917036225525e-15,1.0,8.194169749171152e-36,0.0,6.296152805790028e-17
2021-05-18,000001.SZ,24.45135450043693,24.71791014698258,23.990008189107936,24.50261520169571,395414.98,T1,V4,S2,1,1.0,S2,6.296152567165788e-17,1.0,6.642458565891349e-33,0.0,6.0904953444117866e-21
2021-05-19,000001.SZ,24.420598079681668,24.738414427486088,24.113033872129005,24.195050994143045,429420.33,T1,V3,S2,1,1.0,S2,3.97956964284344e-34,1.0,8.748320445352345e-30,0.0,2.5326361783663e-17
2021-05-20,000001.SZ,24.00026032935969,24.44110236018518,23.85673036583512,24.420598079681668,405788.37,T1,V3,S2,1,1.0,S2,2.5226729048343776e-17,1.0,6.276813387250148e-27,0.0,2.4483295413387986e-17
2021-05-21,000001.SZ,24.4821109211922,24.69740586647907,23.610678999792984,24.08227745137373,539335.74,UNK,V4,S5,1,1.0,S2,2.1569891407749568e-71,1.0,1.656412452808205e-23,0.0,4.425518111897875e-15
2021-05-24,000001.SZ,24.07202531112198,24.195050994143045,23.774713243821072,24.07202531112198,343935.63,UNK,V3,S5,1,1.0,S2,4.7815366800632614e-52,0.9999999999997726,1.1932904575928417e-26,0.0,2.006334250852135e-13
2021-05-25,000001.SZ,24.13353815263251,25.353542842591423,24.041268890366712,25.2202650193186,972374.62,T1,V1,S1,0,1.0,S2,2.0062701171318394e-13,0.9999999999997726,5.209268313332281e-32,0.0,2.176593587846564e-16
2021-05-26,000001.SZ,25.261273580325625,25.75337631240989,25.117743616801047,25.64060276964058,919263.78,T1,V3,S2,0,1.0,S2,2.1765879091759121e-16,1.0,2.02301865013945e-37,0.0,4.030337875850133e-19
2021-05-27,000001.SZ,25.53808136712302,25.79438487341691,25.13824789730456,25.415055684101954,504091.36,T1,V4,S2,0,1.0,S2,4.0303378755907944e-19,1.0,7.063982793810593e-32,0.0,3.980019317562496e-25
2021-05-28,000001.SZ,25.302282141332643,25.33303856208791,24.769170848241355,25.117743616801047,492400.73,T1,V4,S2,1,1.0,S2,1.2346405464144551e-26,1.0,1.471267143986854e-27,0.0,4.31539081608369e-21
2021-05-31,000001.SZ,24.9434572325212,25.14850003755632,24.51286734194747,24.81017940924838,515350.81,T1,V3,S2,1,1.0,S2,6.992186361774371e-45,1.0,3.0605236866222327e-24,0.0,5.8458034167088724e-18
2021-06-01,000001.SZ,24.81017940924838,24.86144011050716,24.09252959162549,24.523119482199228,625017.96,UNK,V3,S5,1,1.0,S2,6.741650199577061e-71,1.0,3.839288193907144e-22,0.0,1.1727594102695359e-15
2021-06-02,000001.SZ,24.49236306144396,24.523119482199228,23.969503908604427,24.49236306144396,497527.02,UNK,V4,S5,1,1.0,S2,1.0896017348988004e-69,1.0,2.7155033032271107e-21,0.0,4.8438946695855486e-14
2021-06-03,000001.SZ,24.318076677164115,24.74866656773785,24.27706811615709,24.369337378422887,400900.85,UNK,V1,S5,1,1.0,S2,3.015715628175113e-93,0.9999999999988632,2.9920176935260087e-20,0.0,1.046974889857641e-12
2021-06-04,000001.SZ,24.59488446396151,25.5893420683818,24.40009379917816,25.158752177808065,756739.42,UNK,V3,S5,0,1.0,S2,2.1320710511834112e-19,0.9999999999870396,4.4760462613415205e-21,0.0,1.2897209829752214e-11
2021-06-07,000001.SZ,25.09723933629753,25.09723933629753,24.53337162245098,24.912700811765937,447914.1,UNK,V3,S5,0,1.0,S2,2.3071901470333922e-66,0.9999999988460786,3.1232186480693027e-18,0.0,1.153955957537254e-09
2021-06-08,000001.SZ,24.7589187079896,25.18950859856333,24.55387590295449,25.14850003755632,570077.92,UNK,V4,S5,0,1.0,S2,1.3903903228593845e-33,0.9999999080539552,9.81613734827261e-17,0.0,9.194600627506265e-08
2021-06-09,000001.SZ,25.04597863503876,25.50732494636776,24.789675128744868,25.271525720577376,453831.5,UNK,V4,S5,0,1.0,S2,1.737536279942674e-32,0.9999877216117796,1.7797713627163146e-14,0.0,1.2278388182728344e-05
2021-06-10,000001.SZ,25.28177786082913,25.69186347089936,24.7589187079896,24.81017940924838,530215.16,UNK,V4,S5,0,1.0,S2,4.889010783185408e-102,0.996453633590642,1.433551696598772e-10,0.0,0.003546366266019
2021-06-11,000001.SZ,24.92295295201769,24.96396151302472,23.702948262058783,23.95925176835267,834665.04,UNK,V3,S5,0,1.0,S2,3.0656387017545087e-245,0.8179093189006479,6.489568739997862e-08,0.0,0.1820906162036162
2021-06-15,000001.SZ,23.938747487849163,24.020764609863207,23.374879774002608,23.805469664576336,660622.59,UNK,V3,S5,0,4.0,S5,8.794318972817355e-209,0.2687922379375724,6.606645521059387e-08,0.0,0.731207695995947
2021-06-16,000001.SZ,23.805469664576336,23.990008189107936,23.590174719289475,23.846478225583365,378208.04,UNK,V4,S5,0,4.0,S5,1.66285012979719e-183,0.0404634564581847,3.2383563339792856e-08,0.0,0.9595365111582635
2021-06-17,000001.SZ,23.600426859541223,24.28732025640885,23.600426859541223,23.68244398155528,453282.09,UNK,V1,S5,0,4.0,S5,1.7503916615967443e-215,0.0022399645289642,6.025487109566427e-08,0.0,0.997759975216172
2021-06-18,000001.SZ,23.713200402310537,23.86698250608687,22.954542023680627,23.221097670226268,694099.3,UNK,V3,S5,1,4.0,S5,2.7234819361400005e-292,1.1324880909257332e-05,3.5244252832897977e-07,0.0,0.999988322676668
2021-06-21,000001.SZ,23.1698369689675,23.241601950729784,22.56496069411392,22.71874279789025,718272.74,UNK,V3,S5,1,4.0,S5,0.0,2.382713963805624e-09,1.98923756868282e-06,0.0,0.9999980083797988
2021-06-22,000001.SZ,22.94428988342888,23.67219184130352,22.81101206015605,23.54916615828245,757751.41,UNK,V3,S5,0,4.0,S5,1.8265541353829128e-94,6.120269396574847e-13,3.876612017720508e-11,0.0,0.9999999999606644
2021-06-23,000001.SZ,23.426140475261384,24.00026032935969,23.29286265198856,23.72345254256229,447907.78,UNK,V3,S5,0,4.0,S5,2.4715172314822922e-89,7.560332128246035e-16,2.3836589080490077e-11,0.0,0.9999999999761258
2021-06-24,000001.SZ,23.610678999792984,23.702948262058783,23.25185409098154,23.66193970105176,390283.49,UNK,V4,S5,1,4.0,S5,1.1875934582103006e-91,3.248804343814675e-18,1.800648821056791e-10,0.0,0.99999999981992
2021-06-25,000001.SZ,23.66193970105176,24.195050994143045,23.641435420548248,23.94899962810092,559972.95,UNK,V1,S5,0,4.0,S5,6.659600303018413e-42,9.962476049831714e-20,4.5931656236781455e-11,0.0,0.9999999999540704
2021-06-28,000001.SZ,23.94899962810092,23.97975604885618,23.046811285946426,23.35437549349909,626257.37,UNK,V3,S5,0,4.0,S5,1.7091202365762618e-129,1.3927048415978952e-21,1.5993772248926685e-08,0.0,0.9999999840063084
2021-06-29,000001.SZ,23.149332688463986,23.36462763375085,22.554708553862163,22.90328132242185,1049749.39,UNK,V3,S5,1,4.0,S5,7.721561715726423e-153,2.5146555878779205e-24,5.8544487645993e-08,0.0,0.9999999414556004
2021-06-30,000001.SZ,22.92378560292536,23.508157597275428,22.91353346267361,23.190341249471008,403435.46,UNK,V4,S5,0,4.0,S5,7.42328060473991e-68,3.1605905206510582e-27,8.83517777579118e-10,0.0,0.999999999116426
2021-07-01,000001.SZ,23.38513191425436,24.09252959162549,23.08781984695345,23.784965384072827,664833.3,T2,V4,S4,0,4.0,S5,4.33164752768248e-17,7.386529434603463e-29,1.5155620216355478e-11,0.0,0.999999999984766
2021-07-02,000001.SZ,23.29286265198856,23.31336693249208,22.30865718782003,22.359917889078808,1070677.56,UNK,V3,S5,0,4.0,S5,2.481495380155468e-261,4.33164752768248e-17,3.821211594072586e-07,0.0,0.99999961787883
2021-07-05,000001.SZ,22.236892206057743,22.708490657638496,21.62176379095241,22.616221395372698,859341.29,UNK,V3,S5,0,4.0,S5,8.387618741898433e-86,1.819445092942104e-20,2.647474988378118e-09,0.0,0.9999999973524608
2021-07-06,000001.SZ,22.636725675876203,23.57992257903772,22.40092645008583,23.35437549349909,791957.26,T2,V4,S4,0,4.0,S5,5.097043238217624e-21,1.4242798830172945e-22,1.5110561313807465e-11,0.0,0.9999999999849932
2021-07-07,000001.SZ,23.25185409098154,23.631183280296494,23.06731556644994,23.11857626770872,468944.87,T2,V3,S4,0,4.0,S5,3.4123830591964536e-69,5.102057794751307e-21,1.016334485403641e-09,0.0,0.9999999989836396
2021-07-08,000001.SZ,23.35437549349909,23.35437549349909,21.73453733372172,22.052353681526142,1457059.47,UNK,V4,S5,1,4.0,S5,1.4930753224028643e-241,4.528896834981434e-23,4.281064411959404e-07,0.0,0.9999995718936596
2021-07-09,000001.SZ,21.837058736239275,22.175379364547208,21.54999880919012,21.806302315484007,762364.74,UNK,V3,S5,1,4.0,S5,1.4275303201182963e-189,7.245604434040997e-26,2.4829907377263996e-08,0.0,0.9999999751701129
2021-07-12,000001.SZ,22.042101541274388,22.042101541274388,21.4167209859173,21.693528772714696,877901.02,UNK,V4,S5,1,4.0,S5,2.8876731106994238e-182,2.600247673287985e-29,2.1753412683009072e-08,0.0,0.9999999782464786
2021-07-13,000001.SZ,21.683276632462945,21.8780672972463,21.05789607710585,21.65252021170768,657613.95,UNK,V4,S5,0,4.0,S5,3.712306718938467e-175,2.028463673491348e-32,3.7092994857931765e-08,0.0,0.9999999629069414
2021-07-14,000001.SZ,21.52949452868661,21.52949452868661,20.924618253833035,21.28344316264448,847950.55,UNK,V1,S5,0,4.0,S5,1.3350661036434672e-230,7.622217564015318e-33,6.262305141176437e-07,0.0,0.999999373769438
2021-07-15,000001.SZ,21.242434601637456,22.267648626813006,21.150165339371654,22.165127224295453,956003.05,UNK,V3,S5,0,4.0,S5,1.015524916429385e-49,4.028411609448296e-32,4.4214767744363727e-10,0.0,0.9999999995577582
2021-07-16,000001.SZ,21.949832279008582,22.370170029330563,21.837058736239275,21.8780672972463,573002.61,UNK,V3,S5,0,4.0,S5,1.8050441010355657e-108,2.96659166611269e-31,6.44326368223662e-08,0.0,0.9999999355673048
2021-07-19,000001.SZ,21.89857157774981,21.9703365595121,21.30394744314799,21.74478947397348,522135.95,UNK,V4,S5,0,4.0,S5,1.1578919393313702e-92,2.047749466474383e-31,3.0384883488772416e-07,0.0,0.999999696151054
2021-07-20,000001.SZ,21.632015931204165,21.73453733372172,20.986131095343566,21.1194089186164,804034.33,UNK,V4,S5,0,4.0,S5,1.9858093471156035e-168,9.763054924327532e-32,8.291611421826906e-06,0.0,0.9999917083885488
2021-07-21,000001.SZ,21.09890463811288,21.324451723651503,20.709323308546168,20.965626814840054,753076.52,UNK,V3,S5,0,4.0,S5,3.3175644774159936e-144,1.1496479299713435e-32,2.3009426859882056e-05,0.0,0.9999769905730898
2021-07-22,000001.SZ,20.965626814840054,21.180921760126925,20.750331869553182,20.893861833077768,868648.09,T3,V4,S1,0,4.0,S5,1.3781244641907867e-145,6.062289109130447e-33,0.0012489490246495,0.0,0.9987510509752704
2021-07-23,000001.SZ,20.893861833077768,20.893861833077768,20.50428050351106,20.60680190602861,727404.33,T3,V1,S2,0,4.0,S5,6.850432760834781e-193,3.5405617023130926e-34,0.0592605075573862,0.0,0.9407394924425712
2021-07-26,000001.SZ,20.46327194250404,20.494028363259297,18.89469448398544,19.274023673300395,1451303.94,T3,V3,S2,0,2.0,S5,0.0,7.154225361960919e-37,0.9430049759415456,0.0,0.0569950240584785
2021-07-27,000001.SZ,19.345788655062684,19.46881433808375,18.04376684308973,18.207801087117826,1357551.48,T3,V3,S2,1,2.0,S5,0.0,7.839727044665695e-45,0.9998926043640404,0.0,0.0001073956360432
2021-07-28,000001.SZ,18.30007034938362,18.525617434922243,18.12578396510377,18.197548946866064,1062994.21,T3,V4,S2,1,2.0,S5,0.0,3.4597854464842743e-53,0.9999999982203462,0.0,1.7796346158704363e-09
2021-07-29,000001.SZ,18.36158319089415,18.699903819202085,18.22830536762133,18.41284389215293,872378.12,T3,V1,S2,0,2.0,S5,0.0,2.4538570395389376e-59,0.9999999993890468,0.0,6.110513260152111e-10
2021-07-30,000001.SZ,18.37183533114591,18.50511315441873,17.67468979402653,18.136036105355533,950155.88,T3,V3,S2,1,2.0,S5,0.0,1.2950773906045746e-61,0.9999999999763532,0.0,2.3633621764009075e-11
2021-08-02,000001.SZ,18.08477540409676,18.59738241668453,17.613176952515996,18.464104593411708,1159922.63,T3,V3,S2,1,2.0,S5,3.077423675744604e-231,1.3263059326683368e-64,0.9999999999997726,0.0,2.596120759302355e-13
2021-08-03,000001.SZ,18.443600312908195,18.607634556936283,18.105279684600266,18.34107891039064,896948.57,T3,V3,S2,1,2.0,S5,2.5267488065231564e-259,4.869494322407117e-66,1.0,0.0,6.983553653423473e-14
2021-08-04,000001.SZ,18.49486101416697,18.525617434922243,18.04376684308973,18.259061788376595,729620.08,T3,V4,S2,1,2.0,S5,2.112491881485626e-264,3.8988711436257046e-69,1.0,0.0,3.543499208955669e-15
2021-08-05,000001.SZ,18.146288245607284,18.50511315441873,18.02326256258622,18.12578396510377,621573.88,T3,V4,S2,1,2.0,S5,6.578484844205898e-268,4.117896052971439e-73,1.0,0.0,7.583805668946419e-17
2021-08-06,000001.SZ,17.992506141830955,18.3513310506424,17.889984739313395,18.31032248963537,567454.13,T3,V3,S2,1,2.0,S5,3.542974781679503e-225,3.5824958077536145e-76,1.0,2.806513870482974e-147,3.005658392310864e-18
2021-08-09,000001.SZ,18.36158319089415,19.7353699846294,18.289818209131862,19.540579319846035,1752798.0,UNK,V3,S5,1,2.0,S5,6.29998259823778e-166,5.707668444972229e-74,1.0,5.276862204342016e-59,3.2119500806387242e-18
2021-08-10,000001.SZ,19.571335740601302,20.483776223007546,19.376545075817948,20.227472716713656,1301988.44,UNK,V3,S5,0,2.0,S5,7.113009474195742e-125,1.2210338483845279e-68,1.0,0.0,2.5541284816221288e-17
2021-08-11,000001.SZ,20.494028363259297,21.09890463811288,20.19671629595839,20.3094898387277,1048308.44,UNK,V4,S5,1,2.0,S5,8.635324761749502e-99,2.2838746482475324e-66,1.0,0.0,6.079322385344998e-18
2021-08-12,000001.SZ,20.288985558224187,20.811844711063724,20.124951314196103,20.391506960741747,666458.0,UNK,V1,S5,1,2.0,S5,2.4573114836994767e-112,1.3649068001355164e-67,1.0,0.0,6.205722565376921e-18
2021-08-13,000001.SZ,20.27873341797244,20.42226338149701,19.99167349092328,20.391506960741747,562885.02,UNK,V1,S5,0,2.0,S5,3.4095422300857897e-104,2.0732308123173493e-66,1.0,0.0,8.978945200007045e-17
2021-08-16,000001.SZ,20.596549765776857,20.709323308546168,20.06343847268557,20.45301980225228,627050.22,UNK,V1,S5,0,2.0,S5,1.1950252902106744e-103,2.310179892230426e-63,1.0,0.0,2.429295880404529e-15
2021-08-17,000001.SZ,20.350498399734725,20.72982758904968,20.10444703369259,20.165959875203125,476021.94,UNK,V3,S5,0,2.0,S5,2.7195846518649137e-65,5.86002404386862e-62,0.9999999999997726,0.0,1.4882674828165188e-13
2021-08-18,000001.SZ,20.165959875203125,21.73453733372172,20.04293419218206,21.1399131991199,1332732.16,UNK,V3,S5,0,2.0,S5,1.0882455678079936e-207,5.50839683331164e-60,1.0,0.0,1.8004153640929325e-14
2021-08-19,000001.SZ,20.996383235595324,21.1399131991199,20.524784784014567,20.852853272070742,649975.61,UNK,V3,S5,0,2.0,S5,3.873346452657189e-65,8.01333684486221e-55,1.0,0.0,4.3588210153100655e-14
2021-08-20,000001.SZ,20.47352408275579,20.576045485273344,19.171502270782835,19.90965636890924,1614627.93,T4,V4,S4,0,2.0,S5,2.2846195160258173e-33,6.679293176766775e-52,0.9999999999747616,0.0,2.524215670666496e-11
2021-08-23,000001.SZ,19.99167349092328,20.555541204769835,19.59184002110481,19.78663068588817,1191849.35,T4,V3,S4,0,2.0,S5,6.360259820439682e-33,2.2846195160258173e-33,0.9999999983565432,0.0,1.643344249628989e-09
2021-08-24,000001.SZ,19.83789138714695,20.47352408275579,19.69436142362237,19.8481435273987,868953.3,T4,V4,S4,0,2.0,S5,3.313217932544455e-26,7.043791449684732e-33,0.999999832866038,2.0398683477980639e-190,1.6713397169090592e-07
2021-08-25,000001.SZ,19.90965636890924,19.96091707016801,19.427805777076724,19.64310072236359,698083.97,UNK,V1,S5,0,2.0,S5,1.1634585718333724e-20,3.3132182029914947e-26,0.999805843772156,4.391660776552019e-199,0.0001941562278417
2021-08-26,000001.SZ,19.684109283370613,19.74562212488115,18.874190203481927,18.925450904740707,951619.0,UNK,V3,S5,0,2.0,S5,1.746236359158571e-84,1.1634587890415094e-20,0.9797008275834844,0.0,0.0202991724166092
2021-08-27,000001.SZ,19.027972307258256,19.35604079531444,18.77166880096437,18.85368592297841,728820.23,UNK,V3,S5,0,4.0,S5,8.245002557718815e-74,7.813251419642532e-24,0.6418436818836949,0.0,0.3581563181162052
2021-08-30,000001.SZ,18.669147398446817,18.75116452046086,17.992506141830955,18.1667925261108,1252211.01,T3,V1,S1,1,4.0,S5,5.6463686356452435e-192,3.8133211674549425e-27,0.4407139347566141,0.0,0.5592860652433815
2021-08-31,000001.SZ,18.1667925261108,18.382087471397664,17.74645477578882,18.248809648124844,1174867.86,T3,V3,S2,1,4.0,S5,2.9860789845553243e-133,5.671522539093232e-32,0.1206262648668314,0.0,0.8793737351332289
2021-09-01,000001.SZ,17.920741160068665,18.37183533114591,17.438890568236154,18.330826770138884,2316894.09,T3,V4,S2,1,4.0,S5,8.077873424032568e-129,2.5564561436469138e-33,0.0217669245224784,0.0,0.9782330754774144
2021-09-02,000001.SZ,18.45385245315996,19.25351939279688,18.248809648124844,18.86393806323017,2422603.54,T3,V1,S2,1,4.0,S5,2.540366078643953e-49,3.365276602848748e-32,5.769246348163431e-05,0.0,0.9999423075365838
2021-09-03,000001.SZ,18.966459465747725,18.966459465747725,18.146288245607284,18.49486101416697,1394818.71,T3,V3,S3,1,4.0,S5,4.25425143681238e-116,2.782010352819573e-31,1.80470474169827e-05,0.0,0.999981952952617
2021-09-06,000001.SZ,18.382087471397664,19.068980868265285,18.22830536762133,18.915198764488952,1515225.56,T3,V4,S3,1,4.0,S5,1.5082679063056597e-25,2.791116525818169e-30,2.64820710930787e-06,0.0,0.9999973517929952
2021-09-07,000001.SZ,19.068980868265285,20.05318633243381,18.8126773619714,19.725117844377635,1622344.16,T2,V2,S5,1,4.0,S5,1.4598469730498924e-12,1.5177213173088236e-25,1.4440896385315744e-10,0.0,0.999999999854026
2021-09-08,000001.SZ,19.725117844377635,20.04293419218206,19.58158788085306,19.714865704125884,1026201.05,T2,V3,S4,1,0.0,S5,0.9989446868467988,1.459846973043254e-12,4.308088126555031e-20,0.0,0.0010553131518147
2021-09-09,000001.SZ,19.59184002110481,19.63284858211184,19.274023673300395,19.479066478335504,739505.85,T2,V1,S5,1,1.0,S2,0.0010553131519119,0.9989446868481616,5.5108503937298704e-18,0.0,5.7340989525589086e-15
2021-09-10,000001.SZ,19.3662929355662,21.29369530289624,19.315032234307417,21.088652497861123,2314945.28,UNK,V3,S5,0,1.0,S2,1.0056070373549144e-166,1.0,7.617236406941101e-17,2.2682073007164743e-145,5.616862779119312e-14
2021-09-13,000001.SZ,20.87335755257425,21.02713965635059,20.3094898387277,20.71957544879793,1297228.02,UNK,V3,S5,0,1.0,S2,6.0642000665413215e-28,0.9999999999879492,3.1101654603088744e-14,4.281163830433817e-247,1.2102286115028807e-11
2021-09-14,000001.SZ,20.68881902804265,20.781088290308457,19.755874265132903,19.858395667650463,1158173.15,T2,V4,S4,0,1.0,S2,2.698144854606704e-18,0.9999978966868022,1.8353064425304728e-12,4.295742210265466e-192,2.103311357029169e-06
2021-09-15,000001.SZ,19.796882826139925,21.51924238843485,19.67385714311886,20.012177771426792,841618.41,T2,V3,S4,0,1.0,S2,4.942038323227457e-09,0.9946856925342696,4.429299769425795e-09,3.188197660576417e-156,0.0053142980943763
2021-09-16,000001.SZ,19.78663068588817,19.99167349092328,19.202258691538105,19.561083600349548,1176953.56,T2,V4,S4,0,1.0,S2,2.1001196657201978e-17,0.901248535967872,1.4109245353347983e-06,1.3463686902688894e-245,0.0987500531076732
2021-09-17,000001.SZ,19.376545075817948,19.479066478335504,18.874190203481927,18.997215886503,1124879.63,UNK,V3,S5,0,4.0,S5,8.37483024389734e-54,0.2741746865416531,2.881812119465707e-06,0.0,0.725822431646187
2021-09-22,000001.SZ,18.320574629887133,18.50511315441873,17.85922831855813,18.43334817265644,1473365.21,UNK,V3,S5,1,4.0,S5,3.317095670056885e-106,0.0044762215748702,2.441718502123925e-06,0.0,0.9955213367066302
2021-09-23,000001.SZ,18.55637385567751,18.78192094121613,18.095027544348508,18.12578396510377,1379837.59,UNK,V3,S5,1,4.0,S5,1.6487507132602755e-121,2.1140459630758776e-06,2.707409287715767e-07,0.0,0.999997615213148
2021-09-24,000001.SZ,18.04376684308973,18.12578396510377,17.777211196544087,17.78746333679584,1265696.28,UNK,V4,S5,1,4.0,S5,5.034090987835971e-161,3.1977017645659245e-11,6.77697178293667e-08,0.0,0.9999999321983092
2021-09-27,000001.SZ,17.643933373271263,18.12578396510377,17.49015126949493,18.013010422334464,1140667.59,UNK,V3,S5,1,4.0,S5,4.881372212392981e-85,9.801300390224155e-17,2.3729154875730542e-09,0.0,0.9999999976271284
2021-09-28,000001.SZ,17.910489019816907,18.6281388374398,17.889984739313395,18.423096032404683,1293167.47,UNK,V4,S5,1,4.0,S5,1.3574574815745485e-39,1.2512016319251706e-21,2.4385757370865147e-11,0.0,0.999999999975671
2021-09-29,000001.SZ,18.31032248963537,18.9049466242372,18.15654038585904,18.607634556936283,1230121.75,UNK,V3,S5,1,4.0,S5,1.024479419995114e-34,1.8871001359929088e-25,9.147943150977053e-12,0.0,0.999999999990905
2021-09-30,000001.SZ,18.546121715425752,18.658895258195063,18.15654038585904,18.382087471397664,795611.05,UNK,V4,S5,1,4.0,S5,2.672043736841681e-59,4.5260560169634095e-30,2.3599720386327227e-23,0.0,1.0
2021-10-08,000001.SZ,18.6281388374398,19.3662929355662,18.474356733663463,19.109989429272304,1159200.62,T2,V2,S5,1,0.0,S5,0.9999999999997726,1.0483324530453075e-29,1.0755490684447192e-24,0.0,1.5355781302337998e-13
2021-10-11,000001.SZ,19.479066478335504,20.23772485696541,19.479066478335504,19.889152088405726,1455338.35,UNK,V3,S5,0,1.0,S2,3.1110670972541065e-20,0.9999999999997726,1.3693932567405662e-26,0.0,1.5355778191376512e-13
2021-10-12,000001.SZ,19.78663068588817,20.20696843621015,19.684109283370613,19.83789138714695,1031232.18,UNK,V3,S5,1,1.0,S2,1.5240576182650762e-13,0.9999999999997726,3.3326558860799784e-24,0.0,4.004344692235868e-15
2021-10-13,000001.SZ,19.78663068588817,20.41201124124526,19.65335286261535,20.073690612937323,807896.68,UNK,V1,S5,0,1.0,S2,9.478512961637642e-28,0.9999999999990904,8.048196904763731e-28,1.8298494129929657e-287,8.714705261128934e-13
2021-10-14,000001.SZ,20.08394275318908,20.42226338149701,19.3662929355662,19.69436142362237,842989.87,T2,V3,S4,1,1.0,S2,8.714693089293858e-13,0.9999999999990904,8.561640052521709e-24,1.1071865890295395e-280,2.652800282308828e-15
2021-10-15,000001.SZ,19.479066478335504,20.40175910099349,19.479066478335504,20.15570773495137,993493.78,UNK,V3,S5,1,1.0,S2,5.697032324245528e-40,0.9999999999965894,3.4175336543303933e-22,4.6849254309865956e-206,3.520102453991505e-12
2021-10-18,000001.SZ,19.940412789664503,20.04293419218206,19.58158788085306,19.77637854563641,729622.5,T2,V3,S4,1,1.0,S2,3.391129191758795e-12,0.9999999997899068,1.4879122507630638e-18,7.440810644492633e-247,2.0663270321073326e-10
2021-10-19,000001.SZ,19.63284858211184,20.176212015454883,19.63284858211184,20.06343847268557,682415.15,UNK,V4,S5,1,1.0,S2,1.1158316131142905e-23,0.9999996867218706,4.842709154767721e-35,8.723876042271029e-224,3.132781280235384e-07
2021-10-20,000001.SZ,20.24797699721717,20.27873341797244,19.67385714311886,19.725117844377635,662955.55,T2,V4,S4,1,1.0,S2,3.132781280234672e-07,0.9999996867218706,1.3164981221348932e-31,1.0737522135904e-311,5.623531333823336e-24
2021-10-21,000001.SZ,20.012177771426792,20.56579334502159,19.7353699846294,20.50428050351106,1621661.01,UNK,V3,S5,0,1.0,S2,2.555909137487316e-50,1.0,1.4254556341496266e-30,2.990630605798308e-180,4.1677442476379354e-22
2021-10-22,000001.SZ,20.668314747539146,21.109156778364632,20.29923769847595,20.54528906451808,1134963.63,UNK,V3,S5,0,1.0,S2,7.022454789948938e-24,1.0,2.835728871213647e-28,1.1514807296915595e-136,7.285683324306567e-20
2021-10-25,000001.SZ,20.20696843621015,20.709323308546168,19.99167349092328,20.627306186532124,730828.23,UNK,V1,S5,0,1.0,S2,3.312860504196937e-32,1.0,5.118638376811121e-26,2.9310858838142154e-117,4.2536020177201104e-16
2021-10-26,000001.SZ,20.56579334502159,20.965626814840054,20.36075053998648,20.555541204769835,652806.84,T1,V3,S1,0,1.0,S2,9.621015603060031e-26,0.9999999999924968,3.8599776574908424e-22,1.366312439346601e-124,7.396452225395922e-12
2021-10-27,000001.SZ,20.50428050351106,20.678566887790904,20.08394275318908,20.42226338149701,687600.19,T1,V1,S2,0,1.0,S2,1.0294664976898592e-16,0.9999998473117674,4.6227803308943145e-18,1.3643969953762588e-187,1.5268823348944038e-07
2021-10-28,000001.SZ,20.29923769847595,20.442767662000527,19.858395667650463,20.2172205764619,619010.89,T1,V2,S2,0,1.0,S2,8.703905296393168e-09,0.9994369704209504,4.2968983313933394e-14,0.0,0.000563020875133
2021-10-29,000001.SZ,20.124951314196103,20.23772485696541,19.807134966391683,19.99167349092328,539929.76,T1,V2,S2,0,1.0,S2,1.260493673774202e-12,0.8950516165843697,6.154368572196385e-11,0.0,0.1049483833529382
2021-11-01,000001.SZ,19.81738710664344,20.227472716713656,19.489318618587266,19.87889994815397,841490.2,T2,V2,S5,0,4.0,S5,4.750876482557514e-22,0.325484464354253,9.661518560799444e-10,0.0,0.6745155346795337
2021-11-02,000001.SZ,19.858395667650463,19.981421350671525,18.443600312908195,18.63839097769155,1997690.5,UNK,V4,S5,0,4.0,S5,1.6937086881529587e-271,0.0029757237231175,2.0122150295574584e-06,0.0,0.997022264061916
2021-11-03,000001.SZ,18.55637385567751,18.699903819202085,18.30007034938362,18.48460887391522,1114972.04,UNK,V3,S5,0,4.0,S5,1.5777575003990015e-182,6.179484443389606e-07,6.195369232425176e-08,0.0,0.9999993200979173
2021-11-04,000001.SZ,18.535869575174,18.55637385567751,18.248809648124844,18.320574629887133,983410.98,UNK,V4,S5,1,4.0,S5,4.420927929368116e-223,2.437536118633716e-11,4.1102781301223756e-08,0.0,0.9999999588728778
2021-11-05,000001.SZ,18.30007034938362,18.45385245315996,18.013010422334464,18.08477540409676,1096039.88,UNK,V3,S5,1,4.0,S5,3.003470600539204e-249,6.1726790626455e-17,1.1322731855848581e-07,0.0,0.9999998867726908
2021-11-08,000001.SZ,18.064271123593244,18.259061788376595,17.797715477047596,17.85922831855813,1376814.82,UNK,V3,S5,1,4.0,S5,5.7576571297607816e-251,1.0087186206443797e-23,5.854673025645432e-07,0.0,0.9999994145327388
2021-11-09,000001.SZ,17.920741160068665,18.095027544348508,17.695194074530043,17.972001861327442,1240572.75,UNK,V4,S5,1,4.0,S5,2.4120450119107354e-175,6.409038939607887e-31,3.170659430990378e-07,0.0,0.9999996829340536
2021-11-10,000001.SZ,17.900236879565153,17.910489019816907,17.592672672012487,17.838724038054618,1220850.88,UNK,V4,S5,1,4.0,S5,1.639662122130607e-192,9.951358995709208e-36,3.4618623051671325e-06,0.0,0.9999965381376464
2021-11-11,000001.SZ,17.78746333679584,18.89469448398544,17.756706916040574,18.8126773619714,2084729.0,T3,V3,S3,0,4.0,S5,2.6638163661791002e-18,5.622036476032613e-34,9.276374186504396e-12,0.0,0.9999999999906776
2021-11-12,000001.SZ,18.77166880096437,19.09973728902055,18.56662599592926,18.730660239957352,957546.46,T2,V3,S4,0,4.0,S5,1.7488664752678595e-39,2.6638163661784943e-18,2.3950862960239637e-11,0.0,0.9999999999761258
2021-11-15,000001.SZ,18.8126773619714,19.09973728902055,18.658895258195063,18.89469448398544,655089.99,T2,V4,S4,0,4.0,S5,1.5947289745151388e-10,2.2467097218538707e-20,1.741807080571243e-10,0.0,0.9999999996664428
2021-11-16,000001.SZ,18.822929502223147,19.00746802675475,18.6281388374398,18.67939953869857,601110.48,T2,V3,S4,0,4.0,S5,7.374858555932494e-23,1.5947289745209404e-10,9.844339533022153e-09,0.0,0.9999999899962404
2021-11-17,000001.SZ,18.607634556936283,18.761416660712616,18.43334817265644,18.56662599592926,664640.38,UNK,V3,S5,0,4.0,S5,5.815092632904464e-18,3.5138288169041385e-12,1.6019872594009757e-07,0.0,0.9999998397977508
2021-11-18,000001.SZ,18.546121715425752,18.57687813618102,18.17704466636255,18.248809648124844,799843.77,UNK,V4,S5,0,4.0,S5,8.953076112496382e-39,2.446467120965817e-14,3.806924603309524e-06,0.0,0.9999961930754738
2021-11-19,000001.SZ,18.248809648124844,18.699903819202085,18.146288245607284,18.607634556936283,786371.56,T2,V3,S4,0,4.0,S5,6.466261376917338e-07,2.4300043246188113e-16,5.5254824534468126e-08,0.0,0.9999992981190834
2021-11-22,000001.SZ,18.48460887391522,18.71015595945384,18.3513310506424,18.57687813618102,738617.8,T2,V2,S5,0,4.0,S5,2.7556386870971826e-13,6.466261377017316e-07,7.791899758858996e-08,0.0,0.9999992754544916
2021-11-23,000001.SZ,18.56662599592926,18.8126773619714,18.12578396510377,18.330826770138884,1235977.96,UNK,V1,S5,0,4.0,S5,1.179467055216925e-38,1.1563747517884984e-08,5.646548872034493e-07,0.0,0.9999994237813848
2021-11-24,000001.SZ,18.218053227369573,18.402591751901173,18.105279684600266,18.320574629887133,741310.84,UNK,V3,S5,0,4.0,S5,1.1393570480829195e-38,7.507599470083812e-11,1.0933419145387852e-07,0.0,0.9999998905907492
2021-11-25,000001.SZ,18.187296806614302,18.23855750787309,18.074523263844995,18.12578396510377,603532.7,UNK,V1,S5,0,4.0,S5,2.762532984652768e-76,3.3153895442103684e-13,1.007718922324611e-07,0.0,0.9999998992277648
2021-11-26,000001.SZ,18.064271123593244,18.11553182485202,17.961749721075684,18.02326256258622,694499.88,UNK,V3,S5,1,4.0,S5,2.580138184983087e-98,7.452316953026253e-16,8.454280217648837e-09,0.0,0.999999991545792
2021-11-29,000001.SZ,17.848976178306376,18.013010422334464,17.797715477047596,17.951497580823933,512594.71,UNK,V4,S5,1,4.0,S5,5.953832100793392e-132,2.061334252807597e-18,2.8250298933491007e-10,0.0,0.999999999717602
2021-11-30,000001.SZ,17.982254001579197,18.12578396510377,17.78746333679584,17.879732599061644,733616.06,UNK,V1,S5,1,4.0,S5,2.736957484114604e-127,8.771775465210033e-22,9.136782444278111e-11,0.0,0.9999999999085958
2021-12-01,000001.SZ,17.869480458809885,18.218053227369573,17.807967617299354,18.08477540409676,706925.19,UNK,V3,S5,1,4.0,S5,2.1435990085766408e-72,1.4275641091334343e-24,2.986180163735722e-11,0.0,0.999999999970214
2021-12-02,000001.SZ,18.064271123593244,18.259061788376595,17.807967617299354,18.033514702837973,994798.35,UNK,V3,S5,1,4.0,S5,9.338932437225602e-85,4.090002241588386e-27,3.264690484038107e-10,0.0,0.9999999996734914
2021-12-03,000001.SZ,18.08477540409676,18.146288245607284,17.848976178306376,18.095027544348508,707599.74,UNK,V1,S5,1,4.0,S5,5.751601930341279e-63,4.5705210837459865e-29,1.5478657563095035e-10,0.0,0.9999999998451584
2021-12-06,000001.SZ,18.30007034938362,19.027972307258256,18.248809648124844,18.55637385567751,2145625.28,T2,V3,S4,1,4.0,S5,4.275622223885617e-08,2.809006347354017e-28,6.067410730882759e-13,0.0,0.9999999572430632
2021-12-07,000001.SZ,18.761416660712616,19.14074585002757,18.607634556936283,18.925450904740707,1616443.87,UNK,V3,S5,0,0.0,S5,0.9680974045474118,4.2756222238535344e-08,1.7132368322975938e-13,0.0,0.0319025526962892
2021-12-08,000001.SZ,18.915198764488952,19.017720167006505,18.61788669718804,18.93570304499245,980281.18,UNK,V4,S5,0,1.0,S2,0.030231290940956,0.9680974472731187,9.031526983858552e-12,0.0,0.0016712617768281
2021-12-09,000001.SZ,18.95620732549597,19.540579319846035,18.83318164247491,19.171502270782835,1455886.68,UNK,V1,S5,0,1.0,S2,1.3885140285845378e-11,0.9892286226531916,8.546923091499278e-12,2.30291378221562e-179,0.0107713773244231
2021-12-10,000001.SZ,18.976711605999487,19.171502270782835,18.730660239957352,18.84343378272666,989255.13,T2,V3,S4,0,1.0,S2,1.0582310419250007e-07,0.6817694922621668,1.1002897981973294e-08,1.632435389791298e-155,0.3182303909118431
2021-12-13,000001.SZ,18.93570304499245,19.35604079531444,18.63839097769155,18.730660239957352,1314490.27,T2,V3,S4,0,4.0,S5,3.74698169396118e-12,0.0723142265136595,5.138542166546163e-08,6.952337936510825e-150,0.927685722097279
2021-12-14,000001.SZ,18.61788669718804,18.6281388374398,17.961749721075684,18.02326256258622,1937208.9,UNK,V4,S5,1,4.0,S5,3.276923515072471e-110,0.0003695095381422,3.627804966711281e-07,0.0,0.9996301276814274
2021-12-15,000001.SZ,17.951497580823933,18.105279684600266,17.838724038054618,17.992506141830955,1294627.41,UNK,V3,S5,0,4.0,S5,5.829306261690663e-82,1.228820934644869e-07,8.595077677552413e-10,0.0,0.9999998762584786
2021-12-16,000001.SZ,17.992506141830955,18.17704466636255,17.900236879565153,18.1667925261108,819479.51,UNK,V1,S5,0,4.0,S5,3.901161388533426e-51,3.5300810404848e-10,3.795098998883165e-10,0.0,0.999999999267402
2021-12-17,000001.SZ,18.146288245607284,18.197548946866064,18.013010422334464,18.013010422334464,602369.67,UNK,V3,S5,0,4.0,S5,1.6685999607808503e-80,1.725885745554248e-12,3.4239929539365964e-09,0.0,0.9999999965743882
2021-12-20,000001.SZ,18.002758282082706,18.095027544348508,17.889984739313395,17.961749721075684,746435.2,UNK,V4,S5,0,4.0,S5,5.012373371959147e-80,4.494194668076773e-15,1.1599234930079202e-09,0.0,0.9999999988401668
2021-12-21,000001.SZ,17.930993300320416,18.15654038585904,17.920741160068665,18.033514702837973,893734.04,UNK,V1,S5,0,4.0,S5,1.8710224242842233e-60,1.884606562309264e-17,4.308241673943368e-10,0.0,0.9999999995691268
2021-12-22,000001.SZ,18.064271123593244,18.08477540409676,17.736202635537065,17.828471897802864,976927.75,UNK,V3,S5,0,4.0,S5,2.5582314450886483e-97,4.910205578362857e-20,3.909978585126441e-09,0.0,0.9999999960900824
2021-12-23,000001.SZ,17.838724038054618,17.869480458809885,17.643933373271263,17.756706916040574,1059575.94,UNK,V3,S5,0,4.0,S5,2.4817690972715425e-95,3.549607824122874e-23,1.4535045074091955e-09,0.0,0.9999999985464
2021-12-24,000001.SZ,17.76695905629233,17.78746333679584,17.643933373271263,17.74645477578882,488251.49,UNK,V4,S5,0,4.0,S5,7.144309464472159e-90,1.6897494514795836e-26,1.0466836780698084e-09,0.0,0.999999998953399
